waste_pct,last_price_update,ingredient_category_name,current_supplier_id,ingredient_category_id,on_hand_qty,unit,system_unit,price_per_system,name,base_price,purchase_unit,current_supplier_name,category,price_per_unit,id,created_date,updated_date,created_by_id,created_by,is_sample
"0","2026-02-26","בצק ולחם","69a04066646fa3cff36cbf96","694af88a3cc726579c37ab94","0","ק״ג","ק״ג","10","לחמניית המבורגר המוציא רמי","10","1","המוציא לחם חדש רמי","694af88a3cc726579c37ab94","10","69a041966adc85e44cba1d00","2026-02-26T12:50:30.129000","2026-02-26T12:50:30.129000","6922d81df8b88df1983e2577","info@raytlv.co.il","false"
"0","2026-02-25","תבלינים ורטבים","691366fcbb19887994250dac","694af88a3cc726579c37ab97","0","ק״ג","ק״ג","21.666666666666668","פלפל צ'יפוטלה 3 קילו","65","3","י. שבי שיווק מזון בע״מ","694af88a3cc726579c37ab97","21.666666666666668","699ed4c56a47a365dd87f832","2026-02-25T10:53:57.899000","2026-02-25T10:56:45.099000","6922d81df8b88df1983e2577","info@raytlv.co.il","false"
"0","2026-02-19","בצק ולחם","6997359d1e20b811f6c5fb54","694af88a3cc726579c37ab94","0","ק״ג","ק״ג","35.2","ניוקי תפוח אדמה קטן חלק","35.2","1","פסטה דלה קאזה","694af88a3cc726579c37ab94","35.2","699735eb8d4db81763a15e60","2026-02-19T16:10:19.074000","2026-02-19T16:10:19.074000","6922d81df8b88df1983e2577","info@raytlv.co.il","false"
"0","2026-02-19","בצק ולחם","6997359d1e20b811f6c5fb54","694af88a3cc726579c37ab94","0","ק״ג","ק״ג","36.4","ניוקי ענן ג'אמבו","36.4","1","פסטה דלה קאזה","694af88a3cc726579c37ab94","36.4","699735c6867c1c900f0980e1","2026-02-19T16:09:42.762000","2026-02-19T16:09:42.762000","6922d81df8b88df1983e2577","info@raytlv.co.il","false"
"0","2026-02-04","תבלינים ורטבים","691366fcbb19887994250dac","694af88a3cc726579c37ab97","0","ק״ג","ק״ג","13.52","חרדל גרגירים","67.6","5","י. שבי שיווק מזון בע״מ","694af88a3cc726579c37ab97","13.52","6983571b7cf91b4112e34db1","2026-02-04T14:26:35.858000","2026-02-04T14:26:35.858000","6922d81df8b88df1983e2577","info@raytlv.co.il","false"
"0","2026-02-04","בצק ולחם","692d582a3942954ddf3779f6","694af88a3cc726579c37ab94","0","ק״ג","ק״ג","40","פסטה טאליטלה","10","0.25","דיפלומט מפיצים בע״מ","694af88a3cc726579c37ab94","40","698348a52ba705613982547f","2026-02-04T13:24:53.254000","2026-02-04T13:24:53.254000","6922d81df8b88df1983e2577","info@raytlv.co.il","false"
"0","2026-02-04","ירקות ופירות","691366fcbb19887994250dac","694af88a3cc726579c37ab91","0","ק״ג","ק״ג","21.25","ברוקולי קפוא","170","8","י. שבי שיווק מזון בע״מ","694af88a3cc726579c37ab91","21.25","698346a01ecf3df046e0533e","2026-02-04T13:16:16.829000","2026-02-04T13:16:16.829000","6922d81df8b88df1983e2577","info@raytlv.co.il","false"
"0","2026-02-04","תבלינים ורטבים","691366fcbb19887994250dac","694af88a3cc726579c37ab97","0","ק״ג","ק״ג","6.2","סוכר חום דמררה","6.2","1","י. שבי שיווק מזון בע״מ","694af88a3cc726579c37ab97","6.2","698344753d3c60cdbe98fa99","2026-02-04T13:07:01.922000","2026-02-04T13:07:01.922000","6922d81df8b88df1983e2577","info@raytlv.co.il","false"
"0","2026-02-04","ירקות ופירות","6914a85fef1ba9cf97084972","694af88a3cc726579c37ab91","0","ק״ג","ק״ג","35","בצל שאלוט","35","1"," עלה עלה בע״מ","694af88a3cc726579c37ab91","35","6983429f1dd90386349aa5af","2026-02-04T12:59:11.185000","2026-02-04T12:59:11.185000","6922d81df8b88df1983e2577","info@raytlv.co.il","false"
"0","2026-02-04","בשר ועוף","69833e5c900e1c2dac5ce157","694af88a3cc726579c37ab92","0","ק״ג","ק״ג","70.55","בשר טבעוני ללזניה","70.55","1","רדי פיין מיט","694af88a3cc726579c37ab92","70.55","69833f10cbc45b3f1bed0b7b","2026-02-04T12:44:00.257000","2026-02-04T12:44:00.257000","6922d81df8b88df1983e2577","info@raytlv.co.il","false"
"0","2026-02-02","ירקות ופירות","6914a85fef1ba9cf97084972","694af88a3cc726579c37ab91","0","ק״ג","ק״ג","46.875","פטריות שמפניון","7.5","0.16"," עלה עלה בע״מ","694af88a3cc726579c37ab91","46.875","6980780e8ed3fbb55d193c3a","2026-02-02T10:10:22.146000","2026-02-02T10:10:22.146000","6922d81df8b88df1983e2577","info@raytlv.co.il","false"
"0","2026-02-02","תבלינים ורטבים","691366fcbb19887994250dac","694af88a3cc726579c37ab97","0","ליטר","ליטר","125.27","רוטב יין אדום","125.27","1","י. שבי שיווק מזון בע״מ","694af88a3cc726579c37ab97","125.27","6980739124546f59ded6129c","2026-02-02T09:51:13.960000","2026-02-02T09:51:13.960000","6922d81df8b88df1983e2577","info@raytlv.co.il","false"
"0","2026-02-02","בשר ועוף","69284f796554eb682830c1d2","694af88a3cc726579c37ab92","0","ק״ג","ק״ג","3","עצמות עוף","3","1","חמישה קצבים בע״מ","694af88a3cc726579c37ab92","3","698070c9754a136cd8c71fcf","2026-02-02T09:39:21.013000","2026-02-02T09:39:21.013000","6922d81df8b88df1983e2577","info@raytlv.co.il","false"
"0","2026-02-02","ירקות ופירות","6914a85fef1ba9cf97084972","694af88a3cc726579c37ab91","0","ק״ג","ק״ג","38","ארטישוק ירושלמי מקולף","38","1"," עלה עלה בע״מ","694af88a3cc726579c37ab91","38","69806fee5bedee0e82f6330e","2026-02-02T09:35:42.029000","2026-02-02T09:35:42.029000","6922d81df8b88df1983e2577","info@raytlv.co.il","false"
"0","2026-01-14","תבלינים ורטבים","6914a8acbd838a91b37e62ae","694af88a3cc726579c37ab97","0","יחידה","יחידה","32","כמון הודי טחון","32","1","חבשוש אריה עסקי מזון בע״מ","694af88a3cc726579c37ab97","32","695b98015818ece11db154d6","2026-01-05T10:52:49.169000","2026-01-18T10:48:43.863000","6922d81df8b88df1983e2577","info@raytlv.co.il","false"
"0","2026-01-05","בצק ולחם","692d68a25d40da7affa487b7","694af88a3cc726579c37ab94","0","ק״ג","ק״ג","24.75","קמח תירס ללא גלוטן 400 ג","9.9","0.4","טרז פזוס בע״מ","","24.75","695b977f4e17558cfac92f57","2026-01-05T10:50:39.526000","2026-01-05T10:50:39.526000","6922d81df8b88df1983e2577","info@raytlv.co.il","false"
"0","2026-01-05","בצק ולחם","6928383eba0b0a57af83d3f5","694af88a3cc726579c37ab94","0","ק״ג","ק״ג","0","ארנצ'י טבעוני 1.8 קג","0","1.8","א.סיימן סחר בע״מ","","0","695b967d12ea19fff16ba12f","2026-01-05T10:46:21.953000","2026-01-05T10:46:21.953000","6922d81df8b88df1983e2577","info@raytlv.co.il","false"
"0","2026-01-12","תבלינים ורטבים","691366fcbb19887994250dac","694af88a3cc726579c37ab97","0","ק״ג","ק״ג","1.5833333333333333","מלח בישול 1/12 קג סלית","19","12","י. שבי שיווק מזון בע״מ","694af88a3cc726579c37ab97","1.5833333333333333","695b9181af04b619b5f77bf7","2026-01-05T10:25:05.830000","2026-01-18T10:48:43.863000","6922d81df8b88df1983e2577","info@raytlv.co.il","false"
"0","2026-01-21","תבלינים ורטבים","","694af88a3cc726579c37ab97","0","ק״ג","ק״ג","1.7","ערמונים מקולפים 100 ג","8.5","5","","694af88a3cc726579c37ab97","1.7","695b91299ddab70545411108","2026-01-05T10:23:37.147000","2026-01-21T14:15:43.365000","6922d81df8b88df1983e2577","info@raytlv.co.il","false"
"0","2026-01-05","תבלינים ורטבים","691366fcbb19887994250dac","694af88a3cc726579c37ab97","0","ק״ג","ק״ג","56","ציר בקר קנור 1 קג","56","1","י. שבי שיווק מזון בע״מ","694af88a3cc726579c37ab97","56","695b90a7a24e0019905664c1","2026-01-05T10:21:27.281000","2026-01-18T10:48:43.863000","6922d81df8b88df1983e2577","info@raytlv.co.il","false"
"0","2026-01-05","ירקות ופירות","6914a85fef1ba9cf97084972","694af88a3cc726579c37ab91","0","ק״ג","ק״ג","27","תרד בייבי מהדרין קג","27","1"," עלה עלה בע״מ","694af88a3cc726579c37ab91","27","695b8b0ef94490293ce13d77","2026-01-05T09:57:34.959000","2026-01-18T10:48:39.090000","6922d81df8b88df1983e2577","info@raytlv.co.il","false"
"0","2026-02-16","תבלינים ורטבים","692d582a3942954ddf3779f6","694af88a3cc726579c37ab97","0","יחידה","יחידה","2","נאמס ירקות 35 גרם","2","1","דיפלומט מפיצים בע״מ","694af88a3cc726579c37ab97","2","695b8a932aad8f6e63bb4586","2026-01-05T09:55:31.068000","2026-02-16T13:25:47.825000","6922d81df8b88df1983e2577","info@raytlv.co.il","false"
"0","2026-01-14","תבלינים ורטבים","692d582a3942954ddf3779f6","694af88a3cc726579c37ab97","0","ק״ג","ק״ג","23.995","מחית קארי ירוק 1 קג","23.995","1","דיפלומט מפיצים בע״מ","694af88a3cc726579c37ab97","23.995","695b8a09660fa9ac866a2aef","2026-01-05T09:53:13.286000","2026-01-18T10:48:43.863000","6922d81df8b88df1983e2577","info@raytlv.co.il","false"
"0","2026-01-18","ירקות ופירות","6914a85fef1ba9cf97084972","694af88a3cc726579c37ab91","0","ק״ג","ק״ג","23","בצל ירוק מהדרין קג","23","1"," עלה עלה בע״מ","694af88a3cc726579c37ab91","23","6953edbd106ffbee840cf2c0","2025-12-30T15:20:29.262000","2026-01-18T10:48:39.090000","6922d81df8b88df1983e2577","info@raytlv.co.il","false"
"0","2026-01-18","ירקות ופירות","6914a85fef1ba9cf97084972","694af88a3cc726579c37ab91","0","ק״ג","ק״ג","13.5","כרישה/פרסה קג","13.5","1"," עלה עלה בע״מ","694af88a3cc726579c37ab91","13.5","6953d17911dacf232cdc3174","2025-12-30T13:19:53.554000","2026-01-18T15:24:50.711000","6922d81df8b88df1983e2577","info@raytlv.co.il","false"
"0","2026-01-18","בצק ולחם","694d41d5fb8f4e1c8badaafc","694af88a3cc726579c37ab94","0","","ק״ג","0","קסנטן","0","1","סרחיו","694af88a3cc726579c37ab94","0","694d424ea788bac9e764b002","2025-12-25T13:55:26.371000","2026-01-25T14:43:10.348000","6922d81df8b88df1983e2577","info@raytlv.co.il","false"
"0","2026-02-24","קונדטוריה","","69677bfab9e87bcd643c2e03","0","ליטר","ליטר","347.1875","צבע מאכל ירוק 32 מל","11.11","0.032","","69677bfab9e87bcd643c2e03","347.1875","694d42318066518aceb8a305","2025-12-25T13:54:57.106000","2026-02-24T09:50:00.541000","6922d81df8b88df1983e2577","info@raytlv.co.il","false"
"0","2026-01-18","תבלינים ורטבים","691366fcbb19887994250dac","694af88a3cc726579c37ab97","0","ק״ג","ק״ג","91.6","פלפל שחור גרוס טעם וריח","91.6","1","י. שבי שיווק מזון בע״מ","694af88a3cc726579c37ab97","91.6","694ac82814e29f88bc5329d1","2025-12-23T16:49:44.595000","2026-01-18T11:01:41.001000","6922d81df8b88df1983e2577","info@raytlv.co.il","false"
"0","2026-01-18","תבלינים ורטבים","691366fcbb19887994250dac","694af88a3cc726579c37ab97","0","ק״ג","ק״ג","21.666666666666668","פלפל צ׳יפוטלה","65","3","י. שבי שיווק מזון בע״מ","694af88a3cc726579c37ab97","21.666666666666668","694ac7e61ff16c420dcdee8f","2025-12-23T16:48:38.947000","2026-01-18T11:01:31.919000","6922d81df8b88df1983e2577","info@raytlv.co.il","false"
"0","2026-01-18","קטניות ודגנים","6914a85fef1ba9cf97084972","694af88a3cc726579c37ab95","0","ק״ג","ק״ג","11.507936507936508","צ׳יפס קלאסי תפוגן","145","12.6"," עלה עלה בע״מ","694af88a3cc726579c37ab95","11.507936507936508","694ac7aebcdc173642a8c082","2025-12-23T16:47:42.239000","2026-01-18T11:02:31.615000","6922d81df8b88df1983e2577","info@raytlv.co.il","false"
"0","2026-01-18","תבלינים ורטבים","691366fcbb19887994250dac","694af88a3cc726579c37ab97","0","ק״ג","ק״ג","52","קפה שחור עלית","52","1","י. שבי שיווק מזון בע״מ","694af88a3cc726579c37ab97","52","694ac77cc59fc6a21b59964c","2025-12-23T16:46:52.824000","2026-01-18T11:04:15.599000","6922d81df8b88df1983e2577","info@raytlv.co.il","false"
"0","2026-01-18","ירקות ופירות","691366fcbb19887994250dac","694af88a3cc726579c37ab91","0","ק״ג","ק״ג","61.666666666666664","מחית חציל קלוי","185","3","י. שבי שיווק מזון בע״מ","694af88a3cc726579c37ab91","61.666666666666664","694ac747b3be63d48c3fc2a0","2025-12-23T16:45:59.026000","2026-01-18T10:57:06.761000","6922d81df8b88df1983e2577","info@raytlv.co.il","false"
"0","2026-01-18","תבלינים ורטבים","691366fcbb19887994250dac","694af88a3cc726579c37ab97","0","ק״ג","ק״ג","15.88","מרק דגש קנור","15.88","1","י. שבי שיווק מזון בע״מ","694af88a3cc726579c37ab97","15.88","694ac6b12c9468aa67224220","2025-12-23T16:43:29.481000","2026-01-18T10:58:02.038000","6922d81df8b88df1983e2577","info@raytlv.co.il","false"
"0","2026-01-18","תבלינים ורטבים","692d68051f5aa71afd7c3352","694af88a3cc726579c37ab97","0","ליטר","ליטר","87.5","סויה הוריה קוגי","87.5","1","ימה וקדמה י.א בע״מ","694af88a3cc726579c37ab97","87.5","694ac62aab6e483bb0ab54f8","2025-12-23T16:41:14.787000","2026-01-18T10:58:24.058000","6922d81df8b88df1983e2577","info@raytlv.co.il","false"
"0","2026-02-16","תבלינים ורטבים","692840dee5ad9a7df989fa88","694af88a3cc726579c37ab97","0","ליטר","ליטר","35","שמן זית כתית","35","1","כרם תדהר בע״מ","694af88a3cc726579c37ab97","35","694ac5e0d04e735b810e9ab1","2025-12-23T16:40:00.648000","2026-02-16T14:25:13.235000","6922d81df8b88df1983e2577","info@raytlv.co.il","false"
"0","2026-01-14","קונדטוריה","69284e2ac0b41d128460bbf9","69677bfab9e87bcd643c2e03","0","ק״ג","ק״ג","13","אבקת אפייה","13","1","אלמנדוס בע״מ","69677bfab9e87bcd643c2e03","13","694ac523f09ebd69db1d6aed","2025-12-23T16:36:51.460000","2026-01-18T10:48:45.436000","6922d81df8b88df1983e2577","info@raytlv.co.il","false"
"0","2026-01-14","קונדטוריה","69284e2ac0b41d128460bbf9","69677bfab9e87bcd643c2e03","0","ק״ג","ק״ג","9","אבקת סוכר","9","1","אלמנדוס בע״מ","69677bfab9e87bcd643c2e03","9","694ac413bf4500d1a9a70a0e","2025-12-23T16:32:19.307000","2026-01-18T10:48:45.436000","6922d81df8b88df1983e2577","info@raytlv.co.il","false"
"0","2026-01-18","תבלינים ורטבים","69284e2ac0b41d128460bbf9","694af88a3cc726579c37ab97","0","ק״ג","ק״ג","2.64","שקד טחון מולבן","33","12.5","אלמנדוס בע״מ","694af88a3cc726579c37ab97","2.64","694ac3bbdcf4ce701c626df7","2025-12-23T16:30:51.866000","2026-01-18T11:05:57.473000","6922d81df8b88df1983e2577","info@raytlv.co.il","false"
"0","2026-01-14","קונדטוריה","69284e2ac0b41d128460bbf9","69677bfab9e87bcd643c2e03","0","ק״ג","ק״ג","2.8","אבקת קקאו","28","10","אלמנדוס בע״מ","69677bfab9e87bcd643c2e03","2.8","694ac366f173c2701d44249f","2025-12-23T16:29:26.749000","2026-01-18T10:48:45.436000","6922d81df8b88df1983e2577","info@raytlv.co.il","false"
"0","2026-01-14","קונדטוריה","69284e2ac0b41d128460bbf9","69677bfab9e87bcd643c2e03","0","ליטר","ליטר","3.5","תמצית וניל","42","12","אלמנדוס בע״מ","69677bfab9e87bcd643c2e03","3.5","694ac2ecb875eb987f0562e0","2025-12-23T16:27:24.530000","2026-01-18T10:48:45.436000","6922d81df8b88df1983e2577","info@raytlv.co.il","false"
"0","2026-01-18","ירקות ופירות","6914a887db635e45b8553568","694af88a3cc726579c37ab91","0","ק״ג","ק״ג","32","קיווי ייבוא","32","1","יעקב חוגי","694af88a3cc726579c37ab91","32","694ac1b15b5540fcba2d446f","2025-12-23T16:22:09.174000","2026-01-18T11:03:08.711000","6922d81df8b88df1983e2577","info@raytlv.co.il","false"
"0","2026-01-18","ירקות ופירות","6914a887db635e45b8553568","694af88a3cc726579c37ab91","0","ק״ג","ק״ג","10","זוקיני צהוב","10","1","יעקב חוגי","694af88a3cc726579c37ab91","10","694ac1632b12e1b1dd0a01b6","2025-12-23T16:20:51.020000","2026-01-18T10:53:33.347000","6922d81df8b88df1983e2577","info@raytlv.co.il","false"
"0","2026-01-12","ירקות ופירות","6914a887db635e45b8553568","694af88a3cc726579c37ab91","0","ק״ג","ק״ג","23","גינגר","23","1","יעקב חוגי","694af88a3cc726579c37ab91","23","694ac137c11df6d958374086","2025-12-23T16:20:07.733000","2026-01-18T10:48:39.090000","6922d81df8b88df1983e2577","info@raytlv.co.il","false"
"0","2026-01-18","ירקות ופירות","6914a887db635e45b8553568","694af88a3cc726579c37ab91","0","ק״ג","ק״ג","4.5","סלק אדום","4.5","1","יעקב חוגי","694af88a3cc726579c37ab91","4.5","694ac0edb6dc0b702b66ba7e","2025-12-23T16:18:53.464000","2026-01-18T10:58:39.773000","6922d81df8b88df1983e2577","info@raytlv.co.il","false"
"0","2026-01-25","ירקות ופירות","6914a887db635e45b8553568","694af88a3cc726579c37ab91","0","ק״ג","ק״ג","45","דובדבן","45","1","יעקב חוגי","694af88a3cc726579c37ab91","45","694abd25dd27988b33b00194","2025-12-23T16:02:45.756000","2026-01-25T14:39:57.087000","6922d81df8b88df1983e2577","info@raytlv.co.il","false"
"0","2026-01-18","ירקות ופירות","6914a887db635e45b8553568","694af88a3cc726579c37ab91","0","ק״ג","ק״ג","20","צ׳ילי אדום","20","1","יעקב חוגי","694af88a3cc726579c37ab91","20","694abcb42cf605ba203d5ab0","2025-12-23T16:00:52.944000","2026-01-18T11:02:19.136000","6922d81df8b88df1983e2577","info@raytlv.co.il","false"
"0","2026-01-18","ירקות ופירות","6914a887db635e45b8553568","694af88a3cc726579c37ab91","0","ק״ג","ק״ג","4.2","מלפפון","4.2","1","יעקב חוגי","694af88a3cc726579c37ab91","4.2","694abc712abb9306ba8e7fdd","2025-12-23T15:59:45.785000","2026-01-18T10:57:42.383000","6922d81df8b88df1983e2577","info@raytlv.co.il","false"
"0","2026-01-18","ירקות ופירות","6914a887db635e45b8553568","694af88a3cc726579c37ab91","0","ק״ג","ק״ג","4","סלרי - גוש","4","1","יעקב חוגי","694af88a3cc726579c37ab91","4","694abc56b6f128a068404cdf","2025-12-23T15:59:18.508000","2026-01-18T10:58:48.516000","6922d81df8b88df1983e2577","info@raytlv.co.il","false"
"0","2026-01-18","ירקות ופירות","6914a887db635e45b8553568","694af88a3cc726579c37ab91","0","ק״ג","ק״ג","6","דלעת","6","1","יעקב חוגי","694af88a3cc726579c37ab91","6","694abbecb6f128a068404c89","2025-12-23T15:57:32.108000","2026-01-18T10:53:02.136000","6922d81df8b88df1983e2577","info@raytlv.co.il","false"
"0","2026-01-18","ירקות ופירות","6914a887db635e45b8553568","694af88a3cc726579c37ab91","0","ק״ג","ק״ג","6.2","קשואים","6.2","1","יעקב חוגי","694af88a3cc726579c37ab91","6.2","694abbb9649f15732a4a5b97","2025-12-23T15:56:41.298000","2026-01-18T11:04:23.790000","6922d81df8b88df1983e2577","info@raytlv.co.il","false"
"0","2026-01-18","ירקות ופירות","6914a85fef1ba9cf97084972","694af88a3cc726579c37ab91","0","ק״ג","ק״ג","25.5","רוקולה בייבי","25.5","1"," עלה עלה בע״מ","694af88a3cc726579c37ab91","25.5","694abb012abb9306ba8e7f09","2025-12-23T15:53:37.939000","2026-01-18T11:05:09.486000","6922d81df8b88df1983e2577","info@raytlv.co.il","false"
"0","2026-01-18","ירקות ופירות","6914a85fef1ba9cf97084972","694af88a3cc726579c37ab91","0","ק״ג","ק״ג","25","פלפל סוויט בייט","25","1"," עלה עלה בע״מ","694af88a3cc726579c37ab91","25","694aba9f8d777f24d4f927c8","2025-12-23T15:51:59.351000","2026-01-18T11:00:24.225000","6922d81df8b88df1983e2577","info@raytlv.co.il","false"
"0","2026-01-25","ירקות ופירות","6914a85fef1ba9cf97084972","694af88a3cc726579c37ab91","0","ק״ג","ק״ג","6.6000000000000005","תפוח אדמה זעיר מובחר ","9.9","1.5"," עלה עלה בע״מ","694af88a3cc726579c37ab91","6.6000000000000005","694aba6edcf4ce701c626935","2025-12-23T15:51:10.941000","2026-01-25T14:13:28.697000","6922d81df8b88df1983e2577","info@raytlv.co.il","false"
"0","2026-01-18","ירקות ופירות","6914a85fef1ba9cf97084972","694af88a3cc726579c37ab91","0","ק״ג","ק״ג","8.8","נבטים בתפזורת","8.8","1"," עלה עלה בע״מ","694af88a3cc726579c37ab91","8.8","694ab9f017f5da4d089e612e","2025-12-23T15:49:04.085000","2026-01-18T10:58:08.101000","6922d81df8b88df1983e2577","info@raytlv.co.il","false"
"0","2026-01-25","ירקות ופירות","6914a85fef1ba9cf97084972","694af88a3cc726579c37ab91","0","ק״ג","ק״ג","4.25","חסה פקצוי","8.5","2"," עלה עלה בע״מ","694af88a3cc726579c37ab91","4.25","694ab8ce94c6f36bf13677be","2025-12-23T15:44:14.641000","2026-01-25T14:41:47.580000","6922d81df8b88df1983e2577","info@raytlv.co.il","false"
"0","2026-01-18","ירקות ופירות","6914a85fef1ba9cf97084972","694af88a3cc726579c37ab91","0","ק״ג","ק״ג","58","אנדיב אדום","58","1"," עלה עלה בע״מ","694af88a3cc726579c37ab91","58","694ab8622abb9306ba8e7da0","2025-12-23T15:42:26.994000","2026-01-18T10:50:09.251000","6922d81df8b88df1983e2577","info@raytlv.co.il","false"
"0","2026-01-18","בשר ועוף","69282e7ac61d9c6cd249ddd8","694af88a3cc726579c37ab92","0","ק״ג","ק״ג","58","אסאדו אנגוס מפורק","58","1","לויתן סחר ומוצרים חקלאיים בע״מ","694af88a3cc726579c37ab92","58","694ab744cdcf805b894bc9e4","2025-12-23T15:37:40.397000","2026-01-18T10:51:24.636000","6922d81df8b88df1983e2577","info@raytlv.co.il","false"
"0","2026-01-18","בשר ועוף","69284ab562024349af1a7aa4","694af88a3cc726579c37ab92","0","ק״ג","ק״ג","340","צלעות טלה חלק כתר","340","1","יוסי כהן קצבים","694af88a3cc726579c37ab92","340","694aafe84e550a5a4980e388","2025-12-23T15:06:16.329000","2026-01-18T11:02:40.852000","6922d81df8b88df1983e2577","info@raytlv.co.il","false"
"0","2026-01-14","קונדטוריה","69284e2ac0b41d128460bbf9","69677bfab9e87bcd643c2e03","0","ק״ג","ק״ג","21.5","צימוק לבן","21.5","1","אלמנדוס בע״מ","69677bfab9e87bcd643c2e03","21.5","694aab16daa31381c7c3af9f","2025-12-23T14:45:42.389000","2026-01-18T10:48:45.436000","6922d81df8b88df1983e2577","info@raytlv.co.il","false"
"0","2026-01-14","קונדטוריה","69284e2ac0b41d128460bbf9","69677bfab9e87bcd643c2e03","0","ק״ג","ק״ג","59","שוקולד מריר מהדרין מטבעות 60%","59","1","אלמנדוס בע״מ","69677bfab9e87bcd643c2e03","59","694aaa3a4e32545efc848d85","2025-12-23T14:42:02.597000","2026-01-18T10:48:45.436000","6922d81df8b88df1983e2577","info@raytlv.co.il","false"
"0","2026-01-25","בייצים","6914a8a6db635e45b855358b","6967793294339bde071b1813","0","יחידה","יחידה","1.06","ביצים לארג׳","31.8","30","מיסטר אג ייצור ושיווק ביצים בע״מ","6967793294339bde071b1813","1.06","694aa9501e23b7dcaa4b5ef7","2025-12-23T14:38:08.800000","2026-01-25T14:37:54.855000","6922d81df8b88df1983e2577","info@raytlv.co.il","false"
"0","2026-01-14","בייצים","6914a8a6db635e45b855358b","6967793294339bde071b1813","0","ק״ג","ק״ג","26.5","חולמן","26.5","1","מיסטר אג ייצור ושיווק ביצים בע״מ","","26.5","694aa8b435fb322ae9c80a56","2025-12-23T14:35:32.732000","2026-01-14T11:22:22.769000","6922d81df8b88df1983e2577","info@raytlv.co.il","false"
"0","2026-01-18","תבלינים ורטבים","6914a8acbd838a91b37e62ae","694af88a3cc726579c37ab97","0","ק״ג","ק״ג","14800","זעפרן","14.8","0.001","חבשוש אריה עסקי מזון בע״מ","694af88a3cc726579c37ab97","14800","694aa626058a7e2594f1a8da","2025-12-23T14:24:38.631000","2026-01-18T10:54:10.468000","6922d81df8b88df1983e2577","info@raytlv.co.il","false"
"0","2026-01-18","תבלינים ורטבים","6914a8acbd838a91b37e62ae","694af88a3cc726579c37ab97","0","ק״ג","ק״ג","72","תבלין שווארמה","72","1","חבשוש אריה עסקי מזון בע״מ","694af88a3cc726579c37ab97","72","694aa55a5b3732bf75cdfb6a","2025-12-23T14:21:14.324000","2026-01-18T11:06:15.491000","6922d81df8b88df1983e2577","info@raytlv.co.il","false"
"0","2026-01-18","תבלינים ורטבים","6914a8acbd838a91b37e62ae","694af88a3cc726579c37ab97","0","ק״ג","ק״ג","34","שאטה גרוס הודי","34","1","חבשוש אריה עסקי מזון בע״מ","694af88a3cc726579c37ab97","34","694aa536e2e4873f3986a24d","2025-12-23T14:20:38.187000","2026-01-18T11:05:13.769000","6922d81df8b88df1983e2577","info@raytlv.co.il","false"
"0","2026-01-18","תבלינים ורטבים","6914a8acbd838a91b37e62ae","694af88a3cc726579c37ab97","0","ק״ג","ק״ג","25.8","קינמון טחון","25.8","1","חבשוש אריה עסקי מזון בע״מ","694af88a3cc726579c37ab97","25.8","694aa4afed798411d3982835","2025-12-23T14:18:23.801000","2026-01-18T11:03:38.345000","6922d81df8b88df1983e2577","info@raytlv.co.il","false"
"0","2026-01-18","תבלינים ורטבים","6914a8acbd838a91b37e62ae","694af88a3cc726579c37ab97","0","ק״ג","ק״ג","29","קינמון אינדונזי עגול 8 ס״מ","29","1","חבשוש אריה עסקי מזון בע״מ","694af88a3cc726579c37ab97","29","694aa49280dbf5c3d211182b","2025-12-23T14:17:54.476000","2026-01-18T11:03:33.941000","6922d81df8b88df1983e2577","info@raytlv.co.il","false"
"0","2026-01-18","תבלינים ורטבים","6914a8acbd838a91b37e62ae","694af88a3cc726579c37ab97","0","ק״ג","ק״ג","36","פפריקה מתוקה מעושנת ","36","1","חבשוש אריה עסקי מזון בע״מ","694af88a3cc726579c37ab97","36","694aa46b8058780e22b1a8a6","2025-12-23T14:17:15.957000","2026-01-18T11:02:04.746000","6922d81df8b88df1983e2577","info@raytlv.co.il","false"
"0","2026-01-18","תבלינים ורטבים","6914a8acbd838a91b37e62ae","694af88a3cc726579c37ab97","0","ק״ג","ק״ג","19.5","פפריקה מתוקה מס 4","19.5","1","חבשוש אריה עסקי מזון בע״מ","694af88a3cc726579c37ab97","19.5","694aa3e9d32437b50e8fc726","2025-12-23T14:15:05.476000","2026-01-18T11:02:00.215000","6922d81df8b88df1983e2577","info@raytlv.co.il","false"
"0","2026-01-18","תבלינים ורטבים","6914a8acbd838a91b37e62ae","694af88a3cc726579c37ab97","0","ק״ג","ק״ג","47","פלפל שחור גרוס","47","1","חבשוש אריה עסקי מזון בע״מ","694af88a3cc726579c37ab97","47","694aa3badb1c19b79f239c10","2025-12-23T14:14:18.237000","2026-01-18T11:01:36.271000","6922d81df8b88df1983e2577","info@raytlv.co.il","false"
"0","2026-01-18","תבלינים ורטבים","6914a8acbd838a91b37e62ae","694af88a3cc726579c37ab97","0","ק״ג","ק״ג","19.5","כורכום הודי טחון","19.5","1","חבשוש אריה עסקי מזון בע״מ","694af88a3cc726579c37ab97","19.5","694aa35b1b505bd229440c70","2025-12-23T14:12:43.887000","2026-01-18T10:56:05.954000","6922d81df8b88df1983e2577","info@raytlv.co.il","false"
"0","2026-01-18","בצק ולחם","692843d470c10db0a903aa93","694af88a3cc726579c37ab94","0","יחידה","יחידה","33","קסטן לבן גדול","33","1","אוהד המוציא לחם בע״מ","694af88a3cc726579c37ab94","33","694aa20f026f79ee995eac3d","2025-12-23T14:07:11.717000","2026-01-18T11:03:58.668000","6922d81df8b88df1983e2577","info@raytlv.co.il","false"
"0","2026-01-18","בצק ולחם","692843d470c10db0a903aa93","694af88a3cc726579c37ab94","0","יחידה","יחידה","20","קסטן לבן קטן","20","1","אוהד המוציא לחם בע״מ","694af88a3cc726579c37ab94","20","694aa1ee613a91777d8eadd6","2025-12-23T14:06:38.833000","2026-01-18T11:04:03.052000","6922d81df8b88df1983e2577","info@raytlv.co.il","false"
"0","2026-01-18","בצק ולחם","692843d470c10db0a903aa93","694af88a3cc726579c37ab94","0","","ק״ג","1.0138888888888888","מגש בריוש","36.5","36","אוהד המוציא לחם בע״מ","694af88a3cc726579c37ab94","1.0138888888888888","694aa16f64c068f6452266f9","2025-12-23T14:04:31.912000","2026-01-25T14:43:10.348000","6922d81df8b88df1983e2577","info@raytlv.co.il","false"
"0","2026-01-18","בצק ולחם","692843d470c10db0a903aa93","694af88a3cc726579c37ab94","0","יחידה","יחידה","2.4","קלועה / חלה","2.4","1","אוהד המוציא לחם בע״מ","694af88a3cc726579c37ab94","2.4","694aa0fbe51ba7bcedaf7a75","2025-12-23T14:02:35.256000","2026-01-18T11:03:41.763000","6922d81df8b88df1983e2577","info@raytlv.co.il","false"
"0","2025-12-23","","692843d470c10db0a903aa93","","0","יחידה","יחידה","2.4","קלועה / חליה","2.4","1","אוהד המוציא לחם בע״מ","בצק ולחם","2.4","694aa0f500119a8c8834fe23","2025-12-23T14:02:29.358000","2025-12-23T14:02:29.358000","6922d81df8b88df1983e2577","info@raytlv.co.il","false"
"0","2026-01-25","בצק ולחם","692843d470c10db0a903aa93","694af88a3cc726579c37ab94","0","ק״ג","ק״ג","1","בריוש","4","4","אוהד המוציא לחם בע״מ","694af88a3cc726579c37ab94","1","694a9e6587d197a737831fcc","2025-12-23T13:51:33.624000","2026-01-25T14:38:34.135000","6922d81df8b88df1983e2577","info@raytlv.co.il","false"
"0","2026-01-21","תבלינים ורטבים","692846e018d05a7e09b99944","694af88a3cc726579c37ab97","0","ק״ג","ק״ג","40.8","מחית דומדמניות שחורות (קסיס) קפואה","204","5","רסטרטו יבוא ושיווק בע״מ","694af88a3cc726579c37ab97","40.8","694a9db33b753684b1dd3b5b","2025-12-23T13:48:35.962000","2026-01-21T14:14:19.414000","6922d81df8b88df1983e2577","info@raytlv.co.il","false"
"0","2026-01-18","בצק ולחם","692846e018d05a7e09b99944","694af88a3cc726579c37ab94","0","ק״ג","ק״ג","7.88","קמח petra ","98.5","12.5","רסטרטו יבוא ושיווק בע״מ","694af88a3cc726579c37ab94","7.88","694a9d61ef3d33bf653387b6","2025-12-23T13:47:13.473000","2026-01-18T11:03:53.834000","6922d81df8b88df1983e2577","info@raytlv.co.il","false"
"0","2026-01-18","בייצים","692846e018d05a7e09b99944","6967793294339bde071b1813","0","ק״ג","ק״ג","89.32038834951456","פטוצ׳יני ביצים","9.2","0.103","רסטרטו יבוא ושיווק בע״מ","6967793294339bde071b1813","89.32038834951456","694a9d2028ceacd1d000174b","2025-12-23T13:46:08.325000","2026-01-18T10:59:29.626000","6922d81df8b88df1983e2577","info@raytlv.co.il","false"
"0","2026-02-22","בצק ולחם","6928383eba0b0a57af83d3f5","694af88a3cc726579c37ab94","0","ק״ג","ק״ג","10","כדור פיצה נאפולי 600 ג","120","12","א.סיימן סחר בע״מ","694af88a3cc726579c37ab94","10","694a9bc860d224dce66a63a8","2025-12-23T13:40:24.485000","2026-02-22T09:15:18.704000","6922d81df8b88df1983e2577","info@raytlv.co.il","false"
"0","2026-02-25","בשר ועוף","69284ab562024349af1a7aa4","694af88a3cc726579c37ab92","0","ק״ג","ק״ג","70","סינטה מיושן","70","1","יוסי כהן קצבים","694af88a3cc726579c37ab92","70","694a8e35506c6c92ce384de9","2025-12-23T12:42:29.994000","2026-02-25T07:53:56.442000","6922d81df8b88df1983e2577","info@raytlv.co.il","false"
"0","2026-01-18","בשר ועוף","692d5759980a15fa1bbe8f13","694af88a3cc726579c37ab92","0","","ק״ג","60","אונטריפ מתובל","60","1","בית הבשר גינדי בע״מ","694af88a3cc726579c37ab92","60","694a8d3f86650c22d467f157","2025-12-23T12:38:23.736000","2026-01-25T14:43:10.348000","6922d81df8b88df1983e2577","info@raytlv.co.il","false"
"0","2026-01-25","קונדטוריה","692d582a3942954ddf3779f6","69677bfab9e87bcd643c2e03","0","ק״ג","ק״ג","45.099999999999994","ויולייף מוצרלה טבעונית גוש 400 גר","18.04","0.4","דיפלומט מפיצים בע״מ","69677bfab9e87bcd643c2e03","45.099999999999994","694a8c9bf2c7e9f8c2a90a74","2025-12-23T12:35:39.895000","2026-01-25T14:40:20.400000","6922d81df8b88df1983e2577","info@raytlv.co.il","false"
"0","2026-01-25","קונדטוריה","692d582a3942954ddf3779f6","69677bfab9e87bcd643c2e03","0","ק״ג","ק״ג","149.9","ויולייף פרמזן מגורדת 100 גר","14.99","0.1","דיפלומט מפיצים בע״מ","69677bfab9e87bcd643c2e03","149.9","694a8c1e183794e6041fe838","2025-12-23T12:33:34.615000","2026-01-25T14:40:28.469000","6922d81df8b88df1983e2577","info@raytlv.co.il","false"
"0","2026-01-18","קונדטוריה","692d582a3942954ddf3779f6","69677bfab9e87bcd643c2e03","0","","ק״ג","23.099999999999998","מזולה לאפיה בטעם חמאה 200 גר","4.62","0.2","דיפלומט מפיצים בע״מ","69677bfab9e87bcd643c2e03","23.099999999999998","694a8b6c59a22e7c8d353361","2025-12-23T12:30:36.429000","2026-01-25T14:43:10.348000","6922d81df8b88df1983e2577","info@raytlv.co.il","false"
"0","2026-01-14","קונדטוריה","692d582a3942954ddf3779f6","69677bfab9e87bcd643c2e03","0","ליטר","ליטר","17.5","ויולייף בסיס צמחי לבישול והקצפה 500 מל","8.75","0.5","דיפלומט מפיצים בע״מ","69677bfab9e87bcd643c2e03","17.5","694a8b04c5b840f6b16c5f71","2025-12-23T12:28:52.921000","2026-01-18T10:48:45.436000","6922d81df8b88df1983e2577","info@raytlv.co.il","false"
"0","2026-01-18","תבלינים ורטבים","692d582a3942954ddf3779f6","694af88a3cc726579c37ab97","0","","ק״ג","147.66","מחית פטריות עם כמהין קיץ שחורות 500 גר","73.83","0.5","דיפלומט מפיצים בע״מ","694af88a3cc726579c37ab97","147.66","694a8a78e4c41d0a7d4c8f6e","2025-12-23T12:26:32.614000","2026-01-25T14:43:10.348000","6922d81df8b88df1983e2577","info@raytlv.co.il","false"
"0","2026-01-25","קטניות ודגנים","692d582a3942954ddf3779f6","694af88a3cc726579c37ab95","0","ק״ג","ק״ג","9.038800705467372","אורז בוטאן 22.68 קג","205","22.68","דיפלומט מפיצים בע״מ","694af88a3cc726579c37ab95","9.038800705467372","694a89d0a6643110de683e97","2025-12-23T12:23:44.368000","2026-01-25T14:35:37.135000","6922d81df8b88df1983e2577","info@raytlv.co.il","false"
"0","2026-01-18","תבלינים ורטבים","692d582a3942954ddf3779f6","694af88a3cc726579c37ab97","0","","ק״ג","9.474074074074073","רוטב סויה כהה הלתי בוי 2.7 קג","25.58","2.7","דיפלומט מפיצים בע״מ","694af88a3cc726579c37ab97","9.474074074074073","694a7d35a2ca01019a34a11d","2025-12-23T11:29:57.068000","2026-01-25T14:43:10.348000","6922d81df8b88df1983e2577","info@raytlv.co.il","false"
"0","2026-01-25","בשר ועוף","692d582a3942954ddf3779f6","694af88a3cc726579c37ab92","0","ק״ג","ק״ג","17","טופו רך 1 קג","17","1","דיפלומט מפיצים בע״מ","694af88a3cc726579c37ab92","17","694a7cd290b241c07c0a7346","2025-12-23T11:28:18.369000","2026-01-25T14:42:25.269000","6922d81df8b88df1983e2577","info@raytlv.co.il","false"
"0","2026-01-14","קונדטוריה","692d582a3942954ddf3779f6","69677bfab9e87bcd643c2e03","0","","ק״ג","36.25","ממרח לוטוס 8 קג","290","8","דיפלומט מפיצים בע״מ","69677bfab9e87bcd643c2e03","36.25","694a7ca6b6376d9a4b397ea0","2025-12-23T11:27:34.816000","2026-01-25T14:43:10.348000","6922d81df8b88df1983e2577","info@raytlv.co.il","false"
"0","2026-01-18","תבלינים ורטבים","692d582a3942954ddf3779f6","694af88a3cc726579c37ab97","0","","ק״ג","13.93939393939394","קטשופ היינץ חד מנתי 11 גר 1500 יח","230","16.5","דיפלומט מפיצים בע״מ","694af88a3cc726579c37ab97","13.93939393939394","694a7c7d52cbe189eadbdadf","2025-12-23T11:26:53.825000","2026-01-25T14:43:10.348000","6922d81df8b88df1983e2577","info@raytlv.co.il","false"
"0","2026-01-18","ירקות ופירות","692d5c3fdc38c70946eb610a","694af88a3cc726579c37ab91","0","","ק״ג","16","משמש חצאים מוקפא","160","10","פרי הבוסתן בע״מ","694af88a3cc726579c37ab91","16","694a7c0b793c41e0b4341fd8","2025-12-23T11:24:59.424000","2026-01-25T14:43:10.348000","6922d81df8b88df1983e2577","info@raytlv.co.il","false"
"0","2026-01-18","ירקות ופירות","692d5be3c5e9a474e3000b06","694af88a3cc726579c37ab91","0","","ק״ג","1.7","קוביות תפוח עץ טרי ארוז 10 קג","17","10","פלחפוח בע״מ","694af88a3cc726579c37ab91","1.7","694a7b796ac9110335636ba6","2025-12-23T11:22:33.901000","2026-01-25T14:43:10.348000","6922d81df8b88df1983e2577","info@raytlv.co.il","false"
"0","2026-01-18","בצק ולחם","692d68a25d40da7affa487b7","694af88a3cc726579c37ab94","0","יחידה","יחידה","1.4575","מיני טאקו 20 יח","29.15","20","טרז פזוס בע״מ","694af88a3cc726579c37ab94","1.4575","694a7aedee3212f4154d06d5","2025-12-23T11:20:13.079000","2026-01-18T10:57:25.830000","6922d81df8b88df1983e2577","info@raytlv.co.il","false"
"0","2026-01-18","תבלינים ורטבים","692d68a25d40da7affa487b7","694af88a3cc726579c37ab97","0","","ק״ג","112","מולה פובלאנו 1 קג","112","1","טרז פזוס בע״מ","694af88a3cc726579c37ab97","112","694a7ab382d811a4757175b2","2025-12-23T11:19:15.906000","2026-01-25T14:43:10.348000","6922d81df8b88df1983e2577","info@raytlv.co.il","false"
"5","2026-03-02","ירקות ופירות","6914a887db635e45b8553568","694af88a3cc726579c37ab91","0","ק״ג","ק״ג","7.2","חצילים","7.2","1","יעקב חוגי","694af88a3cc726579c37ab91","7.2","694a6df403e83ae7857068c3","2025-12-23T10:24:52.902000","2026-03-02T09:59:28.778000","6922d81df8b88df1983e2577","info@raytlv.co.il","false"
"5","2026-02-25","ירקות ופירות","6914a887db635e45b8553568","694af88a3cc726579c37ab91","0","ק״ג","ק״ג","3.8947368421052637","כרוב לבן","3.7","1","יעקב חוגי","694af88a3cc726579c37ab91","3.8947368421052637","694a6dce716f484bc316878d","2025-12-23T10:24:14.445000","2026-02-25T10:58:49.183000","6922d81df8b88df1983e2577","info@raytlv.co.il","false"
"20","2026-03-10","ירקות ופירות","6914a887db635e45b8553568","694af88a3cc726579c37ab91","0","ק״ג","ק״ג","16","פפאיה ירוקה","16","1","יעקב חוגי","694af88a3cc726579c37ab91","16","694a6da73a62079f664fb76a","2025-12-23T10:23:35.255000","2026-03-10T10:37:46.075000","6922d81df8b88df1983e2577","info@raytlv.co.il","false"
"0","2026-01-25","ירקות ופירות","6914a887db635e45b8553568","694af88a3cc726579c37ab91","0","ק״ג","ק״ג","9.5","בננה","9.5","1","יעקב חוגי","694af88a3cc726579c37ab91","9.5","694a6d8d4ce31ca56b529297","2025-12-23T10:23:09.715000","2026-01-25T14:38:04.166000","6922d81df8b88df1983e2577","info@raytlv.co.il","false"
"0","2026-01-18","ירקות ופירות","6914a887db635e45b8553568","694af88a3cc726579c37ab91","0","","ק״ג","12","פינק ליידי","12","1","יעקב חוגי","694af88a3cc726579c37ab91","12","694a6d75b5babaceac29fbb7","2025-12-23T10:22:45.532000","2026-01-25T14:43:10.348000","6922d81df8b88df1983e2577","info@raytlv.co.il","false"
"5","2026-02-25","ירקות ופירות","6914a887db635e45b8553568","694af88a3cc726579c37ab91","0","ק״ג","ק״ג","8.270676691729324","כרוב אדום גוש","55","7","יעקב חוגי","694af88a3cc726579c37ab91","8.270676691729324","694a6d32d74efd568a6658cf","2025-12-23T10:21:38.998000","2026-02-25T10:58:44.139000","6922d81df8b88df1983e2577","info@raytlv.co.il","false"
"0","2026-01-25","ירקות ופירות","6914a887db635e45b8553568","694af88a3cc726579c37ab91","0","ק״ג","ק״ג","6.5","בטטה","6.5","1","יעקב חוגי","694af88a3cc726579c37ab91","6.5","694a6d0405b0d199d3f17cf8","2025-12-23T10:20:52.752000","2026-01-25T14:37:32.581000","6922d81df8b88df1983e2577","info@raytlv.co.il","false"
"0","2026-01-25","ירקות ופירות","6914a887db635e45b8553568","694af88a3cc726579c37ab91","0","ק״ג","ק״ג","3","תפוח אדמה אדום","3","1","יעקב חוגי","694af88a3cc726579c37ab91","3","694a6ce1178935d6f7f1d6f6","2025-12-23T10:20:17.123000","2026-01-25T14:13:54.827000","6922d81df8b88df1983e2577","info@raytlv.co.il","false"
"0","2026-01-25","ירקות ופירות","6914a887db635e45b8553568","694af88a3cc726579c37ab91","0","ק״ג","ק״ג","6.5","תפוזים","6.5","1","יעקב חוגי","694af88a3cc726579c37ab91","6.5","694a6cb34d33e3530632325a","2025-12-23T10:19:31.928000","2026-01-25T14:13:40.196000","6922d81df8b88df1983e2577","info@raytlv.co.il","false"
"0","2026-01-25","ירקות ופירות","6914a887db635e45b8553568","694af88a3cc726579c37ab91","0","ק״ג","ק״ג","30","אבוקדו","30","1","יעקב חוגי","694af88a3cc726579c37ab91","30","694a6c97e5b12c3d7c1c6050","2025-12-23T10:19:03.031000","2026-01-25T14:31:09.465000","6922d81df8b88df1983e2577","info@raytlv.co.il","false"
"0","2026-01-14","ירקות ופירות","6914a887db635e45b8553568","694af88a3cc726579c37ab91","0","","ק״ג","7","עגבניה אשכולית","7","1","יעקב חוגי","694af88a3cc726579c37ab91","7","694a6c6d3b937fecc02a8584","2025-12-23T10:18:21.660000","2026-01-25T14:43:10.348000","6922d81df8b88df1983e2577","info@raytlv.co.il","false"
"0","2026-01-18","ירקות ופירות","6914a887db635e45b8553568","694af88a3cc726579c37ab91","0","","ק״ג","27","שעועית נקייה","27","1","יעקב חוגי","694af88a3cc726579c37ab91","27","694a6c439d9d285df9acc967","2025-12-23T10:17:39.791000","2026-01-25T14:43:10.348000","6922d81df8b88df1983e2577","info@raytlv.co.il","false"
"0","2026-01-25","ירקות ופירות","6914a887db635e45b8553568","694af88a3cc726579c37ab91","0","ק״ג","ק״ג","4.5","אשכולית אישי","4.5","1","יעקב חוגי","694af88a3cc726579c37ab91","4.5","694a6c29442d8bf693e97059","2025-12-23T10:17:13.934000","2026-01-25T14:37:09.611000","6922d81df8b88df1983e2577","info@raytlv.co.il","false"
"0","2026-01-18","ירקות ופירות","6914a887db635e45b8553568","694af88a3cc726579c37ab91","0","","ק״ג","8.5","לימון","8.5","1","יעקב חוגי","694af88a3cc726579c37ab91","8.5","694a6c00b9cd87b048eecb4f","2025-12-23T10:16:32.853000","2026-01-25T14:43:10.348000","6922d81df8b88df1983e2577","info@raytlv.co.il","false"
"0","2026-01-18","ירקות ופירות","6914a887db635e45b8553568","694af88a3cc726579c37ab91","0","","ק״ג","25","סברס","25","1","יעקב חוגי","694af88a3cc726579c37ab91","25","694a6b291c55f439d13e23fd","2025-12-23T10:12:57.920000","2026-01-25T14:43:10.348000","6922d81df8b88df1983e2577","info@raytlv.co.il","false"
"0","2026-01-18","ירקות ופירות","6914a887db635e45b8553568","694af88a3cc726579c37ab91","0","","ק״ג","13","נקטרינה + אפרסק","13","1","יעקב חוגי","694af88a3cc726579c37ab91","13","694a6b08680a2df860d10e6f","2025-12-23T10:12:24.713000","2026-01-25T14:43:10.348000","6922d81df8b88df1983e2577","info@raytlv.co.il","false"
"0","2026-01-18","ירקות ופירות","6914a887db635e45b8553568","694af88a3cc726579c37ab91","0","","ק״ג","23","ענב שחור","23","1","יעקב חוגי","694af88a3cc726579c37ab91","23","694a6af3d640ad930e50a6d3","2025-12-23T10:12:03.356000","2026-01-25T14:43:10.348000","6922d81df8b88df1983e2577","info@raytlv.co.il","false"
"0","2026-01-18","ירקות ופירות","6914a887db635e45b8553568","694af88a3cc726579c37ab91","0","","ק״ג","17","שזיף","17","1","יעקב חוגי","694af88a3cc726579c37ab91","17","694a6ad311957333345ddbb3","2025-12-23T10:11:31.323000","2026-01-25T14:43:10.348000","6922d81df8b88df1983e2577","info@raytlv.co.il","false"
"0","2026-01-25","ירקות ופירות","6914a887db635e45b8553568","694af88a3cc726579c37ab91","0","ק״ג","ק״ג","4.5","אבטיח אישי","4.5","1","יעקב חוגי","694af88a3cc726579c37ab91","4.5","694a6abde5b12c3d7c1c5f12","2025-12-23T10:11:09.743000","2026-01-25T14:34:46.740000","6922d81df8b88df1983e2577","info@raytlv.co.il","false"
"0","2026-01-18","ירקות ופירות","6914a887db635e45b8553568","694af88a3cc726579c37ab91","0","","ק״ג","27","ענבים לבן טלי","27","1","יעקב חוגי","694af88a3cc726579c37ab91","27","694a6a93401f624368030394","2025-12-23T10:10:27.419000","2026-01-25T14:43:10.348000","6922d81df8b88df1983e2577","info@raytlv.co.il","false"
"0","2026-01-25","ירקות ופירות","6914a887db635e45b8553568","694af88a3cc726579c37ab91","0","ק״ג","ק״ג","7","בצל לבן","7","1","יעקב חוגי","694af88a3cc726579c37ab91","7","694a6a707a61781d8606d16f","2025-12-23T10:09:52.759000","2026-01-25T14:38:21.821000","6922d81df8b88df1983e2577","info@raytlv.co.il","false"
"15","2026-03-10","ירקות ופירות","6914a887db635e45b8553568","694af88a3cc726579c37ab91","0","ק״ג","ק״ג","8.5","פלפל אדום","8.5","1","יעקב חוגי","694af88a3cc726579c37ab91","8.5","694a6a568bfa48da3d61382b","2025-12-23T10:09:26.862000","2026-03-10T10:15:42.901000","6922d81df8b88df1983e2577","info@raytlv.co.il","false"
"0","2026-01-25","ירקות ופירות","6914a887db635e45b8553568","694af88a3cc726579c37ab91","0","ק״ג","ק״ג","22","ג'ינג'ר","22","1","יעקב חוגי","694af88a3cc726579c37ab91","22","694a6a426faef3ff4708789c","2025-12-23T10:09:06.041000","2026-01-25T14:39:16.624000","6922d81df8b88df1983e2577","info@raytlv.co.il","false"
"0","2026-01-25","ירקות ופירות","6914a887db635e45b8553568","694af88a3cc726579c37ab91","0","ק״ג","ק״ג","8","זוקיני ירוק","8","1","יעקב חוגי","694af88a3cc726579c37ab91","8","694a6a2d13f6cc3a65e1847a","2025-12-23T10:08:45.296000","2026-01-25T14:40:34.736000","6922d81df8b88df1983e2577","info@raytlv.co.il","false"
"0","2026-01-18","ירקות ופירות","6914a887db635e45b8553568","694af88a3cc726579c37ab91","0","","ק״ג","9","סלק וואקום","9","1","יעקב חוגי","694af88a3cc726579c37ab91","9","694a6a0ed9604c2e59182275","2025-12-23T10:08:14.603000","2026-01-25T14:43:10.348000","6922d81df8b88df1983e2577","info@raytlv.co.il","false"
"35","2026-02-23","ירקות ופירות","6914a887db635e45b8553568","694af88a3cc726579c37ab91","0","ק״ג","ק״ג","11.538461538461538","קולורבי","7.5","1","יעקב חוגי","694af88a3cc726579c37ab91","11.538461538461538","694a69e5a0b44776cbb811e3","2025-12-23T10:07:33.733000","2026-02-23T11:27:43.948000","6922d81df8b88df1983e2577","info@raytlv.co.il","false"
"0","2026-01-25","ירקות ופירות","6914a887db635e45b8553568","694af88a3cc726579c37ab91","0","ק״ג","ק״ג","4","גזר","4","1","יעקב חוגי","694af88a3cc726579c37ab91","4","694a69cb3612eaef2d23490e","2025-12-23T10:07:07.736000","2026-01-25T14:39:11.777000","6922d81df8b88df1983e2577","info@raytlv.co.il","false"
"0","2026-01-18","ירקות ופירות","6914a887db635e45b8553568","694af88a3cc726579c37ab91","0","","ק״ג","7","צנונית","7","1","יעקב חוגי","694af88a3cc726579c37ab91","7","694a69b382d811a475716143","2025-12-23T10:06:43.817000","2026-01-25T14:43:10.348000","6922d81df8b88df1983e2577","info@raytlv.co.il","false"
"0","2026-01-14","ירקות ופירות","6914a887db635e45b8553568","694af88a3cc726579c37ab91","0","","ק״ג","7","עגבניה","7","1","יעקב חוגי","694af88a3cc726579c37ab91","7","694a699cf49d6d1248c6efa9","2025-12-23T10:06:20.565000","2026-01-25T14:43:10.348000","6922d81df8b88df1983e2577","info@raytlv.co.il","false"
"0","2026-01-25","ירקות ופירות","6914a887db635e45b8553568","694af88a3cc726579c37ab91","0","ק״ג","ק״ג","16","שרי מנומר","16","1","יעקב חוגי","694af88a3cc726579c37ab91","16","694a695d9d72fefe9f28376e","2025-12-23T10:05:17.682000","2026-01-25T14:14:34.565000","6922d81df8b88df1983e2577","info@raytlv.co.il","false"
"0","2026-01-18","ירקות ופירות","6914a887db635e45b8553568","694af88a3cc726579c37ab91","0","","ק״ג","4.3","פלפפון","4.3","1","יעקב חוגי","694af88a3cc726579c37ab91","4.3","694a6911721a9988b7eabd1d","2025-12-23T10:04:01.555000","2026-01-25T14:43:10.348000","6922d81df8b88df1983e2577","info@raytlv.co.il","false"
"0","2026-01-18","בצק ולחם","691366fcbb19887994250dac","694af88a3cc726579c37ab94","0","יחידה","יחידה","3.1","קמח לבן 1/10 שטיבל","31","10","י. שבי שיווק מזון בע״מ","694af88a3cc726579c37ab94","3.1","694a671062824631e46dc1ff","2025-12-23T09:55:28.179000","2026-01-18T11:03:48.108000","6922d81df8b88df1983e2577","info@raytlv.co.il","false"
"0","2026-01-18","תבלינים ורטבים","691366fcbb19887994250dac","694af88a3cc726579c37ab97","0","ליטר","ליטר","64","בלסמי מצומצם 250 מ""ל 1/6","96","1.5","י. שבי שיווק מזון בע״מ","694af88a3cc726579c37ab97","64","694a65a1bec085ba689060bd","2025-12-23T09:49:21.362000","2026-01-18T10:52:25.915000","6922d81df8b88df1983e2577","info@raytlv.co.il","false"
"0","2026-01-25","קונדטוריה","691366fcbb19887994250dac","69677bfab9e87bcd643c2e03","0","ק״ג","ק״ג","31.333333333333332","דבש טהור מקומי 1.5 קג","47","1.5","י. שבי שיווק מזון בע״מ","69677bfab9e87bcd643c2e03","31.333333333333332","694a6530d837958f8f9944ab","2025-12-23T09:47:28.843000","2026-01-25T14:39:28.356000","6922d81df8b88df1983e2577","info@raytlv.co.il","false"
"0","2026-01-18","דגים","691366fcbb19887994250dac","694af88a3cc726579c37ab93","0","יחידה","יחידה","5.9","אנשובי פחית קטנה ","5.9","1","י. שבי שיווק מזון בע״מ","694af88a3cc726579c37ab93","5.9","694a6502140dfb1db043c2f1","2025-12-23T09:46:42.075000","2026-01-18T10:51:19.114000","6922d81df8b88df1983e2577","info@raytlv.co.il","false"
"0","2026-01-18","תבלינים ורטבים","691366fcbb19887994250dac","694af88a3cc726579c37ab97","0","","ק״ג","8.6","פולפה איטלקית 10 קג דסקו","86","10","י. שבי שיווק מזון בע״מ","694af88a3cc726579c37ab97","8.6","694a64c9598f793cb6700773","2025-12-23T09:45:45.168000","2026-01-25T14:43:10.348000","6922d81df8b88df1983e2577","info@raytlv.co.il","false"
"0","2026-01-18","תבלינים ורטבים","691366fcbb19887994250dac","694af88a3cc726579c37ab97","0","","ק״ג","39","מרק בצל קנור 1 קג ","39","1","י. שבי שיווק מזון בע״מ","694af88a3cc726579c37ab97","39","694a648260a7f5db9d9eb603","2025-12-23T09:44:34.666000","2026-01-25T14:43:10.348000","6922d81df8b88df1983e2577","info@raytlv.co.il","false"
"0","2026-01-18","תבלינים ורטבים","691366fcbb19887994250dac","694af88a3cc726579c37ab97","0","","ק״ג","8.5","פולפה זינק 10 קג","85","10","י. שבי שיווק מזון בע״מ","694af88a3cc726579c37ab97","8.5","694a6455d5bdea42d018e63c","2025-12-23T09:43:49.194000","2026-01-25T14:43:10.348000","6922d81df8b88df1983e2577","info@raytlv.co.il","false"
"0","2026-01-18","תבלינים ורטבים","691366fcbb19887994250dac","694af88a3cc726579c37ab97","0","ליטר","ליטר","3.5083333333333333","חומץ יכין 4 ליטר קרטון 1/3","42.1","12","י. שבי שיווק מזון בע״מ","694af88a3cc726579c37ab97","3.5083333333333333","694a640e60a7f5db9d9eb5dc","2025-12-23T09:42:38.820000","2026-01-18T10:54:22.612000","6922d81df8b88df1983e2577","info@raytlv.co.il","false"
"0","2026-01-18","ירקות ופירות","691366fcbb19887994250dac","694af88a3cc726579c37ab91","0","","ק״ג","7.56","פלפל חלפיניו פרוסות 3 קג","22.68","3","י. שבי שיווק מזון בע״מ","694af88a3cc726579c37ab91","7.56","694a63de4c062c4d9d323931","2025-12-23T09:41:50.134000","2026-01-25T14:43:10.348000","6922d81df8b88df1983e2577","info@raytlv.co.il","false"
"0","2026-02-22","קטניות ודגנים","691366fcbb19887994250dac","694af88a3cc726579c37ab95","0","ק״ג","ק״ג","90","אצות וואקמה 500 גר","45","0.5","י. שבי שיווק מזון בע״מ","694af88a3cc726579c37ab95","90","694a639a07e6044fc38a3427","2025-12-23T09:40:42.333000","2026-02-22T09:34:03.622000","6922d81df8b88df1983e2577","info@raytlv.co.il","false"
"0","2026-01-25","קטניות ודגנים","691366fcbb19887994250dac","694af88a3cc726579c37ab95","0","ק״ג","ק״ג","20","אטריות שעועית 250 ג 1/20 קרטון שלם","100","5","י. שבי שיווק מזון בע״מ","694af88a3cc726579c37ab95","20","694a634b3814468d3654078a","2025-12-23T09:39:23.509000","2026-01-25T14:35:49.446000","6922d81df8b88df1983e2577","info@raytlv.co.il","false"
"0","2026-01-18","תבלינים ורטבים","691366fcbb19887994250dac","694af88a3cc726579c37ab97","0","ליטר","ליטר","17.641666666666666","יין אדום לבישול 1/12 - 1 ליטר ","211.7","12","י. שבי שיווק מזון בע״מ","694af88a3cc726579c37ab97","17.641666666666666","694a62e8ee3a962258e9f0d0","2025-12-23T09:37:44.269000","2026-01-18T10:55:46.996000","6922d81df8b88df1983e2577","info@raytlv.co.il","false"
"0","2026-01-18","קטניות ודגנים","691366fcbb19887994250dac","694af88a3cc726579c37ab95","0","","ק״ג","11.6472","צ'יפס קלאסי 12.5 קג תפוגן","145.59","12.5","י. שבי שיווק מזון בע״מ","694af88a3cc726579c37ab95","11.6472","694a61cfa86ea364e4a46273","2025-12-23T09:33:03.988000","2026-01-25T14:43:10.348000","6922d81df8b88df1983e2577","info@raytlv.co.il","false"
"0","2026-01-18","תבלינים ורטבים","691366fcbb19887994250dac","694af88a3cc726579c37ab97","0","ליטר","ליטר","180.55555555555554","מיץ יוזו 1.8 ליטר (לימון יפני)","325","1.8","י. שבי שיווק מזון בע״מ","694af88a3cc726579c37ab97","180.55555555555554","694a6199c86af195fce5a1f9","2025-12-23T09:32:09.820000","2026-01-18T10:57:30.551000","6922d81df8b88df1983e2577","info@raytlv.co.il","false"
"0","2026-01-18","תבלינים ורטבים","691366fcbb19887994250dac","694af88a3cc726579c37ab97","0","","ק״ג","12.5","שומשום ארוז 1 קג","12.5","1","י. שבי שיווק מזון בע״מ","694af88a3cc726579c37ab97","12.5","694a61604e74bc4cd7525e59","2025-12-23T09:31:12.974000","2026-01-25T14:43:10.348000","6922d81df8b88df1983e2577","info@raytlv.co.il","false"
"0","2026-01-18","תבלינים ורטבים","691366fcbb19887994250dac","694af88a3cc726579c37ab97","0","","ק״ג","23.166666666666668","רוטב צ'ילי חריף 6 ק""ג קנור","139","6","י. שבי שיווק מזון בע״מ","694af88a3cc726579c37ab97","23.166666666666668","694a61349964f21d61ddc6da","2025-12-23T09:30:28.025000","2026-01-25T14:43:10.348000","6922d81df8b88df1983e2577","info@raytlv.co.il","false"
"0","2026-01-14","קונדטוריה","691366fcbb19887994250dac","69677bfab9e87bcd643c2e03","0","","ק״ג","7.634","סילאן מסוכר 5 ק""ג גלון הגליל עד""ח","38.17","5","י. שבי שיווק מזון בע״מ","69677bfab9e87bcd643c2e03","7.634","694a60cbbe46f9a6f95f5173","2025-12-23T09:28:43.518000","2026-01-25T14:43:10.348000","6922d81df8b88df1983e2577","info@raytlv.co.il","false"
"0","2026-01-18","תבלינים ורטבים","691366fcbb19887994250dac","694af88a3cc726579c37ab97","0","ליטר","ליטר","39.75","שמן צ'ילי 2 ליטר","79.5","2","י. שבי שיווק מזון בע״מ","694af88a3cc726579c37ab97","39.75","694a600f3f4f97044ae100b3","2025-12-23T09:25:35.752000","2026-01-18T11:05:37.180000","6922d81df8b88df1983e2577","info@raytlv.co.il","false"
"0","2026-01-12","תבלינים ורטבים","691366fcbb19887994250dac","694af88a3cc726579c37ab97","0","","ק״ג","11.3","מלח אטלנטי 1 קג","11.3","1","י. שבי שיווק מזון בע״מ","694af88a3cc726579c37ab97","11.3","694a5fc0a57d280291f4b140","2025-12-23T09:24:16.430000","2026-01-25T14:43:10.348000","6922d81df8b88df1983e2577","info@raytlv.co.il","false"
"0","2026-01-25","תבלינים ורטבים","691366fcbb19887994250dac","694af88a3cc726579c37ab97","0","יחידה","יחידה","14","תרסיס שמן קנולה פאם מארז 1/12","168","12","י. שבי שיווק מזון בע״מ","694af88a3cc726579c37ab97","14","694a5f5f2e8ae9c17bcc1341","2025-12-23T09:22:39.809000","2026-01-25T14:12:24.031000","6922d81df8b88df1983e2577","info@raytlv.co.il","false"
"0","2026-01-18","בצק ולחם","691366fcbb19887994250dac","694af88a3cc726579c37ab94","0","","ק״ג","6.514","פרורי לחם מוזהב 10 ק""ג ברטה גרמני","65.14","10","י. שבי שיווק מזון בע״מ","694af88a3cc726579c37ab94","6.514","694a5f1f1b4e3c468a507c98","2025-12-23T09:21:35.030000","2026-01-25T14:43:10.348000","6922d81df8b88df1983e2577","info@raytlv.co.il","false"
"0","2026-01-18","תבלינים ורטבים","691366fcbb19887994250dac","694af88a3cc726579c37ab97","0","","ק״ג","19.941176470588236","טחינה הר בהרכבה 17 קג בד""ץ","339","17","י. שבי שיווק מזון בע״מ","694af88a3cc726579c37ab97","19.941176470588236","694a5ebab109eb1264aa165e","2025-12-23T09:19:54.113000","2026-01-25T14:43:10.348000","6922d81df8b88df1983e2577","info@raytlv.co.il","false"
"0","2026-01-25","ירקות ופירות","691366fcbb19887994250dac","694af88a3cc726579c37ab91","0","ק״ג","ק״ג","16","ארטישוק תחתיות 10 קג קפוא בד""ץ","160","10","י. שבי שיווק מזון בע״מ","694af88a3cc726579c37ab91","16","694a5e5ace97f2c6fbb49b42","2025-12-23T09:18:18.412000","2026-01-25T14:37:00.037000","6922d81df8b88df1983e2577","info@raytlv.co.il","false"
"0","2026-01-18","תבלינים ורטבים","691366fcbb19887994250dac","694af88a3cc726579c37ab97","0","ליטר","ליטר","12.000000000000002","רוטב דגים 700 מ""ל","8.4","0.7","י. שבי שיווק מזון בע״מ","694af88a3cc726579c37ab97","12.000000000000002","694a5de31060a7950189185a","2025-12-23T09:16:19.394000","2026-01-18T11:04:31.338000","6922d81df8b88df1983e2577","info@raytlv.co.il","false"
"0","2026-01-21","קטניות ודגנים","691366fcbb19887994250dac","694af88a3cc726579c37ab95","0","","ק״ג","15.6","קינואה אדומה 5 ק""ג","78","5","י. שבי שיווק מזון בע״מ","694af88a3cc726579c37ab95","15.6","694a5da9eab4bab00baa2f24","2025-12-23T09:15:21.993000","2026-01-25T14:43:10.348000","6922d81df8b88df1983e2577","info@raytlv.co.il","false"
"0","2026-01-18","תבלינים ורטבים","691366fcbb19887994250dac","694af88a3cc726579c37ab97","0","ליטר","ליטר","8.75","לימון טבעי לתיבול 2 ל' קפוא 6 יח בית יוסף","105","12","י. שבי שיווק מזון בע״מ","694af88a3cc726579c37ab97","8.75","694a5d4f1efbca3bb938e155","2025-12-23T09:13:51.185000","2026-01-18T10:56:36.109000","6922d81df8b88df1983e2577","info@raytlv.co.il","false"
"0","2026-01-18","תבלינים ורטבים","691366fcbb19887994250dac","694af88a3cc726579c37ab97","0","","ק״ג","13.8","טמפורה ת.חוץ 1 ק""ג","13.8","1","י. שבי שיווק מזון בע״מ","694af88a3cc726579c37ab97","13.8","694a5d1591f0ddf35c159e0a","2025-12-23T09:12:53.054000","2026-01-25T14:43:10.348000","6922d81df8b88df1983e2577","info@raytlv.co.il","false"
"0","2026-01-18","תבלינים ורטבים","691366fcbb19887994250dac","694af88a3cc726579c37ab97","0","ליטר","ליטר","35","שמן שומשום טהור 2 ליטר","70","2","י. שבי שיווק מזון בע״מ","694af88a3cc726579c37ab97","35","694a5ce2a32d7c8bd739ee68","2025-12-23T09:12:02.225000","2026-01-18T11:05:46.436000","6922d81df8b88df1983e2577","info@raytlv.co.il","false"
"0","2026-01-18","בצק ולחם","691366fcbb19887994250dac","694af88a3cc726579c37ab94","0","","ק״ג","22.4","לזניה ""פרפקטו"" 5 ק""ג עד""ח","112","5","י. שבי שיווק מזון בע״מ","694af88a3cc726579c37ab94","22.4","694a5c8f874ab27f14d36a14","2025-12-23T09:10:39.955000","2026-01-25T14:43:10.348000","6922d81df8b88df1983e2577","info@raytlv.co.il","false"
"0","2026-01-18","קטניות ודגנים","691366fcbb19887994250dac","694af88a3cc726579c37ab95","0","","ק״ג","22.857142857142858","צלפים בצנצנת 350 גרם חת""ס פ""ת","8","0.35","י. שבי שיווק מזון בע״מ","694af88a3cc726579c37ab95","22.857142857142858","694a5c52a803b4583ca018b0","2025-12-23T09:09:38.662000","2026-01-25T14:43:10.348000","6922d81df8b88df1983e2577","info@raytlv.co.il","false"
"0","2026-01-14","קונדטוריה","691366fcbb19887994250dac","69677bfab9e87bcd643c2e03","0","","ק״ג","5.2","קורנפלור ארוז 1 ק""ג עד""ח","5.2","1","י. שבי שיווק מזון בע״מ","69677bfab9e87bcd643c2e03","5.2","694a5b7b94f39ebc3365971b","2025-12-23T09:06:03.882000","2026-01-25T14:43:10.348000","6922d81df8b88df1983e2577","info@raytlv.co.il","false"
"0","2026-01-25","קטניות ודגנים","691366fcbb19887994250dac","694af88a3cc726579c37ab95","0","ק״ג","ק״ג","14.5","אטריות אורז 3 מ""מ 400ג 1/30 ארגז","174","12","י. שבי שיווק מזון בע״מ","694af88a3cc726579c37ab95","14.5","694a5b441c8cc21e60be805a","2025-12-23T09:05:08.730000","2026-01-25T14:35:21.578000","6922d81df8b88df1983e2577","info@raytlv.co.il","false"
"0","2026-01-18","קטניות ודגנים","691366fcbb19887994250dac","694af88a3cc726579c37ab95","0","יחידה","יחידה","25","תירס גרגירים יכין 1/6 קרטון פרי מבורך","150","6","י. שבי שיווק מזון בע״מ","694af88a3cc726579c37ab95","25","694a5ae9c0a82edee5557d5e","2025-12-23T09:03:37.060000","2026-01-18T11:06:20.341000","6922d81df8b88df1983e2577","info@raytlv.co.il","false"
"0","2026-01-18","תבלינים ורטבים","691366fcbb19887994250dac","694af88a3cc726579c37ab97","0","יחידה","יחידה","75.34","רוטב פטריות מקצ'פ ב.צדפות גלו חת""ס ב""ב","75.34","1","י. שבי שיווק מזון בע״מ","694af88a3cc726579c37ab97","75.34","694a5a9fc3ffa96b98d15de1","2025-12-23T09:02:23.936000","2026-01-18T11:04:52.802000","6922d81df8b88df1983e2577","info@raytlv.co.il","false"
"0","2026-01-18","תבלינים ורטבים","691366fcbb19887994250dac","694af88a3cc726579c37ab97","0","","ק״ג","13.666666666666666","רוטב סויה מתוקה 3 ק""ג מקסצ'אפ חת""ס","41","3","י. שבי שיווק מזון בע״מ","694af88a3cc726579c37ab97","13.666666666666666","694a5a44b9d11531f5d9bc77","2025-12-23T09:00:52.732000","2026-01-25T14:43:10.348000","6922d81df8b88df1983e2577","info@raytlv.co.il","false"
"0","2026-01-18","תבלינים ורטבים","691366fcbb19887994250dac","694af88a3cc726579c37ab97","0","ליטר","ליטר","16.6","חומץ אורז כשר 500 מ""ל","8.3","0.5","י. שבי שיווק מזון בע״מ","694af88a3cc726579c37ab97","16.6","694a5a0667ef3d2d0fe38876","2025-12-23T08:59:50.057000","2026-01-18T10:54:17.963000","6922d81df8b88df1983e2577","info@raytlv.co.il","false"
"0","2026-01-21","תבלינים ורטבים","691366fcbb19887994250dac","694af88a3cc726579c37ab97","0","ליטר","ליטר","19.2","מירין 500 מ""ל כשר","9.6","0.5","י. שבי שיווק מזון בע״מ","694af88a3cc726579c37ab97","19.2","694a59dabc354b8da59a7c0c","2025-12-23T08:59:06.412000","2026-01-21T14:15:01.001000","6922d81df8b88df1983e2577","info@raytlv.co.il","false"
"0","2026-01-25","תבלינים ורטבים","691366fcbb19887994250dac","694af88a3cc726579c37ab97","0","ק״ג","ק״ג","13.52","חרדל דיג'ון חלק 5 ק""ג רבנות K","67.6","5","י. שבי שיווק מזון בע״מ","694af88a3cc726579c37ab97","13.52","694a59861398766876ecb0aa","2025-12-23T08:57:42.668000","2026-01-25T14:42:14.312000","6922d81df8b88df1983e2577","info@raytlv.co.il","false"
"0","2026-01-25","תבלינים ורטבים","691366fcbb19887994250dac","694af88a3cc726579c37ab97","0","ק״ג","ק״ג","21","בוטן קלוי מטוגן 1 ק""ג שקרצי","21","1","י. שבי שיווק מזון בע״מ","694af88a3cc726579c37ab97","21","694a59231705bd071ba701bc","2025-12-23T08:56:03.382000","2026-01-25T14:37:16.165000","6922d81df8b88df1983e2577","info@raytlv.co.il","false"
"0","2026-01-25","קטניות ודגנים","691366fcbb19887994250dac","694af88a3cc726579c37ab95","0","ק״ג","ק״ג","6.4","אורז יסמין שבי ""פרפר"" 5 ק""ג משובח","32","5","י. שבי שיווק מזון בע״מ","694af88a3cc726579c37ab95","6.4","694a58e9d14bf08ff9fb178a","2025-12-23T08:55:05.506000","2026-01-25T14:35:31.403000","6922d81df8b88df1983e2577","info@raytlv.co.il","false"
"0","2026-01-25","קטניות ודגנים","691366fcbb19887994250dac","694af88a3cc726579c37ab95","0","ק״ג","ק״ג","9.18","אורז אוסטרלי עגול 5 ק""ג שוקחה","45.9","5","י. שבי שיווק מזון בע״מ","694af88a3cc726579c37ab95","9.18","69495584f45906139b878bc7","2025-12-22T14:28:20.575000","2026-01-25T14:35:13.357000","6922d81df8b88df1983e2577","info@raytlv.co.il","false"
"0","2026-02-26","תבלינים ורטבים","691366fcbb19887994250dac","694af88a3cc726579c37ab97","0","ק״ג","ק״ג","20.712209302325583","מיונז הלמנס 3.44 קג (4 יח בארגז)","285","13.76","י. שבי שיווק מזון בע״מ","694af88a3cc726579c37ab97","20.712209302325583","69494e18b75003a84142069d","2025-12-22T13:56:40.268000","2026-02-26T10:01:36.188000","6922d81df8b88df1983e2577","info@raytlv.co.il","false"
"0","2026-01-18","תבלינים ורטבים","691366fcbb19887994250dac","694af88a3cc726579c37ab97","0","ליטר","ליטר","18.99736147757256","רוטב סויה קיקומן 3.79 ליטר חת""ס ב""ב","72","3.79","י. שבי שיווק מזון בע״מ","694af88a3cc726579c37ab97","18.99736147757256","6949489eb6fb8944679a3998","2025-12-22T13:33:18.282000","2026-01-18T11:04:46.947000","6922d81df8b88df1983e2577","info@raytlv.co.il","false"
"0","2026-01-18","משקאות","","694af88a3cc726579c37ab96","0","ליטר","ליטר","0","מים","0","1","","694af88a3cc726579c37ab96","0","694941b7cb7874a4b8a40468","2025-12-22T13:03:51.748000","2026-01-18T11:20:27.757000","6922d81df8b88df1983e2577","info@raytlv.co.il","false"
"0","2026-01-14","תבלינים ורטבים","691366fcbb19887994250dac","694af88a3cc726579c37ab97","0","ק״ג","ק״ג","3.9","סוכר לבן 1/10 ק""ג ייבוא בד""ץ עד""ח","39","10","י. שבי שיווק מזון בע״מ","694af88a3cc726579c37ab97","3.9","69492825c4c1dfcb791b5754","2025-12-22T11:14:45.455000","2026-01-18T10:48:43.863000","6922d81df8b88df1983e2577","info@raytlv.co.il","false"
"0","2026-01-14","קונדטוריה","691366fcbb19887994250dac","69677bfab9e87bcd643c2e03","0","ליטר","ליטר","18.86583333333333","אלפרו חלב סויה לבישול 1 ליטר 1/12 בית יוסף","226.39","12","י. שבי שיווק מזון בע״מ","69677bfab9e87bcd643c2e03","18.86583333333333","694927a55104981d290890d1","2025-12-22T11:12:37.715000","2026-01-18T10:48:45.436000","6922d81df8b88df1983e2577","info@raytlv.co.il","false"
"0","2026-01-14","קונדטוריה","691366fcbb19887994250dac","69677bfab9e87bcd643c2e03","0","ליטר","ליטר","11.875","אלפרו חלב שקדים 1 ל' 1/8 בי","95","8","י. שבי שיווק מזון בע״מ","69677bfab9e87bcd643c2e03","11.875","6949276ac898899cfe71640f","2025-12-22T11:11:38.209000","2026-01-18T10:48:45.436000","6922d81df8b88df1983e2577","info@raytlv.co.il","false"
"0","2026-01-21","תבלינים ורטבים","691366fcbb19887994250dac","694af88a3cc726579c37ab97","0","יחידה","יחידה","7.416666666666667","מלפפון קורנישון 670 גרם 680 1/12 גרם","89","12","י. שבי שיווק מזון בע״מ","694af88a3cc726579c37ab97","7.416666666666667","6949207e5ac3705c0e82bf5f","2025-12-22T10:42:06.295000","2026-01-21T14:11:58.771000","6922d81df8b88df1983e2577","info@raytlv.co.il","false"
"0","2026-01-18","משקאות","691366fcbb19887994250dac","694af88a3cc726579c37ab96","0","ליטר","ליטר","17.641666666666666"," 1/12 - 1 יין לבן לבישול","211.7","12","י. שבי שיווק מזון בע״מ","694af88a3cc726579c37ab96","17.641666666666666","69491e78e43e7193e83df2cd","2025-12-22T10:33:28.358000","2026-01-18T10:49:12.854000","6922d81df8b88df1983e2577","info@raytlv.co.il","false"
"0","2026-01-18","בשר ועוף","69284f796554eb682830c1d2","694af88a3cc726579c37ab92","0","","ק״ג","37.00000000000001","חזה עוף חצוי ממויין","1145.15","30.95","חמישה קצבים בע״מ","694af88a3cc726579c37ab92","37.00000000000001","69491ddf072c5cc64e6003c5","2025-12-22T10:30:55.709000","2026-01-25T14:43:10.348000","6922d81df8b88df1983e2577","info@raytlv.co.il","false"
"0","2026-01-18","בשר ועוף","69284f796554eb682830c1d2","694af88a3cc726579c37ab92","0","","ק״ג","51.00000000000001","סטייק פרגיות","1042.95","20.45","חמישה קצבים בע״מ","694af88a3cc726579c37ab92","51.00000000000001","69491d7d13d38d7182e53f4b","2025-12-22T10:29:17.670000","2026-01-25T14:43:10.348000","6922d81df8b88df1983e2577","info@raytlv.co.il","false"
"0","2026-01-18","בשר ועוף","69284f796554eb682830c1d2","694af88a3cc726579c37ab92","0","","ק״ג","32","עוף חליפה","1086.4","33.95","חמישה קצבים בע״מ","694af88a3cc726579c37ab92","32","69491d55fba3fbe14b92b7e3","2025-12-22T10:28:37.011000","2026-01-25T14:43:10.348000","6922d81df8b88df1983e2577","info@raytlv.co.il","false"
"0","2026-01-18","בשר ועוף","69284f796554eb682830c1d2","694af88a3cc726579c37ab92","0","","ק״ג","13","כבד עוף","195","15","חמישה קצבים בע״מ","694af88a3cc726579c37ab92","13","69491d1efba3fbe14b92b7d9","2025-12-22T10:27:42.364000","2026-01-25T14:43:10.348000","6922d81df8b88df1983e2577","info@raytlv.co.il","false"
"0","2026-01-18","בשר ועוף","69284f796554eb682830c1d2","694af88a3cc726579c37ab92","0","","ק״ג","38","פלטה עם עור","1143.8","30.1","חמישה קצבים בע״מ","694af88a3cc726579c37ab92","38","69491cf1df8dfa48b79d2ac5","2025-12-22T10:26:57.573000","2026-01-25T14:43:10.348000","6922d81df8b88df1983e2577","info@raytlv.co.il","false"
"0","2026-01-18","בשר ועוף","69284f796554eb682830c1d2","694af88a3cc726579c37ab92","0","יחידה","יחידה","34","חזה חצוי עם כסף עם עור - טרי","530.4","15.6","חמישה קצבים בע״מ","694af88a3cc726579c37ab92","34","69491cce158d9726eafc2531","2025-12-22T10:26:22.231000","2026-01-18T10:54:27.645000","6922d81df8b88df1983e2577","info@raytlv.co.il","false"
"0","2026-01-18","בשר ועוף","69284f796554eb682830c1d2","694af88a3cc726579c37ab92","0","יחידה","יחידה","23.999999999999996","ירכיים טרי","265.2","11.05","חמישה קצבים בע״מ","694af88a3cc726579c37ab92","23.999999999999996","69491c7c7e4ca0c3d653b106","2025-12-22T10:25:00.689000","2026-01-18T10:55:51.498000","6922d81df8b88df1983e2577","info@raytlv.co.il","false"
"0","2026-01-18","בשר ועוף","69284f796554eb682830c1d2","694af88a3cc726579c37ab92","0","יחידה","יחידה","47.99999999999999","פרגית טרי","506.4","10.55","חמישה קצבים בע״מ","694af88a3cc726579c37ab92","47.99999999999999","69491c567ec4bd92ea6f8b1f","2025-12-22T10:24:22.151000","2026-01-18T11:02:09.172000","6922d81df8b88df1983e2577","info@raytlv.co.il","false"
"10","2026-02-25","דגים","6913675c4f341c951d0ada7f","694af88a3cc726579c37ab93","0","ק״ג","ק״ג","111.11111111111111","פילה מוסר ים טרי","100","1","קנה דג מרקט בע״מ","694af88a3cc726579c37ab93","111.11111111111111","69491bd8a9402a5d0eacd974","2025-12-22T10:22:16.172000","2026-02-25T22:15:44.408000","6922d81df8b88df1983e2577","info@raytlv.co.il","false"
"10","2026-02-25","דגים","6913675c4f341c951d0ada7f","694af88a3cc726579c37ab93","0","ק״ג","ק״ג","144.44444444444443","פילה טונה אדומה","13","0.1","קנה דג מרקט בע״מ","694af88a3cc726579c37ab93","144.44444444444443","69491a19173b8723b99332dc","2025-12-22T10:14:49.828000","2026-02-25T22:16:18.484000","6922d81df8b88df1983e2577","info@raytlv.co.il","false"
"0","2026-01-25","דגים","6913675c4f341c951d0ada7f","694af88a3cc726579c37ab93","0","ק״ג","ק״ג","200.00000000000003","אמצ'י פילה טרי","920","4.6","קנה דג מרקט בע״מ","694af88a3cc726579c37ab93","200.00000000000003","694919f87e52902f56f76f34","2025-12-22T10:14:16.522000","2026-01-25T14:36:11.040000","6922d81df8b88df1983e2577","info@raytlv.co.il","false"
"20","2026-02-16","דגים","6913675c4f341c951d0ada7f","694af88a3cc726579c37ab93","0","ק״ג","ק״ג","83.75","פילה נסיכת הנילוס טרי","67","1","קנה דג מרקט בע״מ","694af88a3cc726579c37ab93","83.75","694919d3b5290ecf9ed920e9","2025-12-22T10:13:39.488000","2026-02-16T14:49:34.585000","6922d81df8b88df1983e2577","info@raytlv.co.il","false"
"0","2026-01-18","דגים","6913675c4f341c951d0ada7f","694af88a3cc726579c37ab93","0","יחידה","יחידה","145","טונה אדומה פילה","1355.75","9.35","קנה דג מרקט בע״מ","694af88a3cc726579c37ab93","145","694919ab61cbc1f1d36ba37d","2025-12-22T10:12:59.918000","2026-01-18T10:55:08.076000","6922d81df8b88df1983e2577","info@raytlv.co.il","false"
"10","2026-02-25","דגים","6913675c4f341c951d0ada7f","694af88a3cc726579c37ab93","0","ק״ג","ק״ג","72.22222222222221","פילה סלמון טרי","65","1","קנה דג מרקט בע״מ","694af88a3cc726579c37ab93","72.22222222222221","6949196ca1de503ccdf9c826","2025-12-22T10:11:56.975000","2026-02-25T22:14:53.144000","6922d81df8b88df1983e2577","info@raytlv.co.il","false"
"0","2026-01-14","ירקות ופירות","6914a85fef1ba9cf97084972","694af88a3cc726579c37ab91","0","","ק״ג","4.5","רוזמרין מהדרין ","4.5","1"," עלה עלה בע״מ","694af88a3cc726579c37ab91","4.5","693fefe68330e86d29b4897c","2025-12-15T11:24:22.567000","2026-01-25T14:43:10.348000","6922d81df8b88df1983e2577","info@raytlv.co.il","false"
"0","2026-01-14","ירקות ופירות","6914a85fef1ba9cf97084972","694af88a3cc726579c37ab91","0","","ק״ג","3.5","פטרוזיליה מהדרין","3.5","1"," עלה עלה בע״מ","694af88a3cc726579c37ab91","3.5","693fedda74f2b86e72536265","2025-12-15T11:15:38.472000","2026-01-25T14:43:10.348000","6922d81df8b88df1983e2577","info@raytlv.co.il","false"
"0","2026-01-14","ירקות ופירות","6914a85fef1ba9cf97084972","694af88a3cc726579c37ab91","0","","ק״ג","7.5","פטריות שי מג׳י לבן","7.5","1"," עלה עלה בע״מ","694af88a3cc726579c37ab91","7.5","693fecb5629a52b3ba2d8319","2025-12-15T11:10:45.885000","2026-01-25T14:43:10.348000","6922d81df8b88df1983e2577","info@raytlv.co.il","false"
"0","2026-01-18","ירקות ופירות","6914a85fef1ba9cf97084972","694af88a3cc726579c37ab91","0","ק״ג","ק״ג","37.5","אנדיב לבן","37.5","1"," עלה עלה בע״מ","694af88a3cc726579c37ab91","37.5","693fe80687cb276b604079f3","2025-12-15T10:50:46.426000","2026-01-18T10:50:20.290000","6922d81df8b88df1983e2577","info@raytlv.co.il","false"
"0","2026-01-14","ירקות ופירות","6914a85fef1ba9cf97084972","694af88a3cc726579c37ab91","0","","ק״ג","28.5","פטריות פורטובלו ","28.5","1"," עלה עלה בע״מ","694af88a3cc726579c37ab91","28.5","693fe7ab9892e2de3508a7da","2025-12-15T10:49:15.472000","2026-01-25T14:43:10.348000","6922d81df8b88df1983e2577","info@raytlv.co.il","false"
"0","2026-02-13","ירקות ופירות","6914a85fef1ba9cf97084972","694af88a3cc726579c37ab91","0","ק״ג","ק״ג","29.9","שום קלוף מובחר ","29.9","1"," עלה עלה בע״מ","694af88a3cc726579c37ab91","29.9","693fe76977ca7494aead1af0","2025-12-15T10:48:09.741000","2026-02-13T15:19:35.524000","6922d81df8b88df1983e2577","info@raytlv.co.il","false"
"0","2026-01-18","ירקות ופירות","6914a85fef1ba9cf97084972","694af88a3cc726579c37ab91","0","","ק״ג","57","פטריות מלך היער","57","1"," עלה עלה בע״מ","694af88a3cc726579c37ab91","57","693fe65974ad72c3e4130fba","2025-12-15T10:43:37.271000","2026-01-25T14:43:10.348000","6922d81df8b88df1983e2577","info@raytlv.co.il","false"
"0","2026-01-14","ירקות ופירות","6914a85fef1ba9cf97084972","694af88a3cc726579c37ab91","0","","ק״ג","4.5","סלרי עלים מהדרין ","4.5","1"," עלה עלה בע״מ","694af88a3cc726579c37ab91","4.5","693fe615b6f55adf50a2a324","2025-12-15T10:42:29.346000","2026-01-25T14:43:10.348000","6922d81df8b88df1983e2577","info@raytlv.co.il","false"
"0","2026-03-02","ירקות ופירות","6914a85fef1ba9cf97084972","694af88a3cc726579c37ab91","0","יחידה","יחידה","8.5","חסה בוק צ׳וי","8.5","1"," עלה עלה בע״מ","694af88a3cc726579c37ab91","8.5","693fe5e11f1edfdeb9e71ef6","2025-12-15T10:41:37.859000","2026-03-02T12:20:15.206000","6922d81df8b88df1983e2577","info@raytlv.co.il","false"
"0","2026-01-14","ירקות ופירות","6914a85fef1ba9cf97084972","694af88a3cc726579c37ab91","0","","ק״ג","3.5","נענע מהדרין ","3.5","1"," עלה עלה בע״מ","694af88a3cc726579c37ab91","3.5","693fe557265ceb6041b464b3","2025-12-15T10:39:19.030000","2026-01-25T14:43:10.348000","6922d81df8b88df1983e2577","info@raytlv.co.il","false"
"0","2026-01-18","תבלינים ורטבים","6914a85fef1ba9cf97084972","694af88a3cc726579c37ab97","0","","ק״ג","4.5","טימין מהדרין","4.5","1"," עלה עלה בע״מ","694af88a3cc726579c37ab97","4.5","693fe0a42f022edb25a68b72","2025-12-15T10:19:16.725000","2026-01-25T14:43:10.348000","6922d81df8b88df1983e2577","info@raytlv.co.il","false"
"0","2026-01-18","ירקות ופירות","6914a85fef1ba9cf97084972","694af88a3cc726579c37ab91","0","ק״ג","ק״ג","25.5","בזיליקום מהדרין","25.5","1"," עלה עלה בע״מ","694af88a3cc726579c37ab91","25.5","693fe0445298a9eff27ad253","2025-12-15T10:17:40.726000","2026-01-18T10:48:39.090000","6922d81df8b88df1983e2577","info@raytlv.co.il","false"
"0","2026-01-14","ירקות ופירות","6914a85fef1ba9cf97084972","694af88a3cc726579c37ab91","0","","ק״ג","25","מיקס בייבי מהדרין","25","1"," עלה עלה בע״מ","694af88a3cc726579c37ab91","25","693fdf2a4bc4d4f35c303eea","2025-12-15T10:12:58.576000","2026-01-25T14:43:10.348000","6922d81df8b88df1983e2577","info@raytlv.co.il","false"
"0","2026-01-14","ירקות ופירות","6914a85fef1ba9cf97084972","694af88a3cc726579c37ab91","0","","ק״ג","6.9","כוסברה מיקרו","6.9","1"," עלה עלה בע״מ","694af88a3cc726579c37ab91","6.9","693fdefe157f80dc492e7bfe","2025-12-15T10:12:14.154000","2026-01-25T14:43:10.348000","6922d81df8b88df1983e2577","info@raytlv.co.il","false"
"0","2026-01-25","ירקות ופירות","6914a85fef1ba9cf97084972","694af88a3cc726579c37ab91","0","ק״ג","ק״ג","9","חסה סלנובה מהדרין","9","1"," עלה עלה בע״מ","694af88a3cc726579c37ab91","9","693fdecedc24e749ba29d806","2025-12-15T10:11:26.564000","2026-01-25T14:41:43.287000","6922d81df8b88df1983e2577","info@raytlv.co.il","false"
"0","2026-01-25","ירקות ופירות","6914a85fef1ba9cf97084972","694af88a3cc726579c37ab91","0","ק״ג","ק״ג","8.9","חסה לאליק מהדרין ","8.9","1"," עלה עלה בע״מ","694af88a3cc726579c37ab91","8.9","693fde9983187573630c8a83","2025-12-15T10:10:33.369000","2026-01-25T14:41:38.849000","6922d81df8b88df1983e2577","info@raytlv.co.il","false"
"0","2026-01-25","ירקות ופירות","6914a85fef1ba9cf97084972","694af88a3cc726579c37ab91","0","ק״ג","ק״ג","7.5","אמריטוס מיקרו","7.5","1"," עלה עלה בע״מ","694af88a3cc726579c37ab91","7.5","693fde63c43da1ecef9517f3","2025-12-15T10:09:39.774000","2026-01-25T14:36:21.415000","6922d81df8b88df1983e2577","info@raytlv.co.il","false"
"0","2026-01-18","ירקות ופירות","6914a85fef1ba9cf97084972","694af88a3cc726579c37ab91","0","","ק״ג","17","חסה אמריקאית קצוץ מהדרין","17","1"," עלה עלה בע״מ","694af88a3cc726579c37ab91","17","693fddd4711bad28cc8c21d3","2025-12-15T10:07:16.523000","2026-01-25T14:43:10.348000","6922d81df8b88df1983e2577","info@raytlv.co.il","false"
"0","2026-01-25","ירקות ופירות","6914a85fef1ba9cf97084972","694af88a3cc726579c37ab91","0","ק״ג","ק״ג","3.95","חסה קיסר ","7.9","2"," עלה עלה בע״מ","694af88a3cc726579c37ab91","3.95","693fdcefde4444c3a76f0b90","2025-12-15T10:03:27.805000","2026-01-25T14:42:00.750000","6922d81df8b88df1983e2577","info@raytlv.co.il","false"
"0","2026-01-12","ירקות ופירות","6914a887db635e45b8553568","694af88a3cc726579c37ab91","0","","ק״ג","19","שעועית ירוקה ","19","1","יעקב חוגי","694af88a3cc726579c37ab91","19","691ee669d17a8f3afa79a739","2025-11-20T09:59:05.302000","2026-01-25T14:43:10.348000","69104fba960f8b25c61d5a0c","gilh207@gmail.com","false"
"0","2026-01-18","תבלינים ורטבים","691366fcbb19887994250dac","694af88a3cc726579c37ab97","0","ליטר","ליטר","19.708000000000002","רוטב צ'ילי מתוק קנור 5 לי עד""ח","98.54","5","י. שבי שיווק מזון בע״מ","694af88a3cc726579c37ab97","19.708000000000002","691ee630296f62920cf81c7f","2025-11-20T09:58:08.689000","2026-01-18T11:05:03.170000","69104fba960f8b25c61d5a0c","gilh207@gmail.com","false"
"0","2026-01-14","ירקות ופירות","6914a85fef1ba9cf97084972","694af88a3cc726579c37ab91","0","ק״ג","ק״ג","2.5","כוסברה","5","2","עלה עלה","694af88a3cc726579c37ab91","2.5","691ee60572093eae4a7ac2e0","2025-11-20T09:57:25.138000","2026-01-18T10:48:39.090000","69104fba960f8b25c61d5a0c","gilh207@gmail.com","false"
"0","2026-01-18","קונדטוריה","691366fcbb19887994250dac","69677bfab9e87bcd643c2e03","0","","ק״ג","14.166666666666666","קרם קוקוס 1/12 ליטר קרטונים 22%","170","12","י. שבי שיווק מזון בע״מ","69677bfab9e87bcd643c2e03","14.166666666666666","691ee5da2c0f622bc718a40b","2025-11-20T09:56:42.608000","2026-01-25T14:43:10.348000","69104fba960f8b25c61d5a0c","gilh207@gmail.com","false"
"10","2026-02-25","בשר ועוף","699ed98496b7333033b6725b","694af88a3cc726579c37ab92","0","ק״ג","ק״ג","227.77777777777777","פילה בקר ארגנטינאי פלדמן","205","1","ישראל פלדמן בע""מ","694af88a3cc726579c37ab92","227.77777777777777","69186a54c2628b9976a13502","2025-11-15T11:56:04.664000","2026-02-25T11:14:24.431000","69104fba960f8b25c61d5a0c","gilh207@gmail.com","false"
"0","2026-01-25","בייצים","","6967793294339bde071b1813","0","יחידה","יחידה","1.06","ביצים","31.8","30","מיסטר אג","6967793294339bde071b1813","1.06","691491b3398597de1a02c2b2","2025-11-12T13:54:59.336000","2026-01-25T14:37:43.668000","69104fba960f8b25c61d5a0c","gilh207@gmail.com","false"
"0","2026-01-18","ירקות ופירות","","694af88a3cc726579c37ab91","0","","ק״ג","16","שרי צהוב","16","1","יעקב חוגי","694af88a3cc726579c37ab91","16","691491b3398597de1a02c2ae","2025-11-12T13:54:59.336000","2026-01-25T14:43:10.348000","69104fba960f8b25c61d5a0c","gilh207@gmail.com","false"
"15","2026-03-10","דגים","6913675c4f341c951d0ada7f","694af88a3cc726579c37ab93","0","ק״ג","ק״ג","200","אינטיאס דג","200","1","קנה דג מרקט בע״מ","694af88a3cc726579c37ab93","200","691491b3398597de1a02c2ac","2025-11-12T13:54:59.336000","2026-03-10T10:07:42.317000","69104fba960f8b25c61d5a0c","gilh207@gmail.com","false"
"0","2026-01-25","ירקות ופירות","6914a887db635e45b8553568","694af88a3cc726579c37ab91","0","ק״ג","ק״ג","34","אננס ארץ ","34","1","יעקב חוגי","694af88a3cc726579c37ab91","34","691491b3398597de1a02c2ad","2025-11-12T13:54:59.336000","2026-01-25T14:36:33.216000","69104fba960f8b25c61d5a0c","gilh207@gmail.com","false"
"15","2026-01-25","ירקות ופירות","","694af88a3cc726579c37ab91","0","ק״ג","ק״ג","25.88235294117647","בצל אדום","22","1","יעקב חוגי","694af88a3cc726579c37ab91","25.88235294117647","691491b3398597de1a02c2b1","2025-11-12T13:54:59.336000","2026-01-25T14:38:11.484000","69104fba960f8b25c61d5a0c","gilh207@gmail.com","false"
"0","2026-01-25","ירקות ופירות","","694af88a3cc726579c37ab91","0","ק״ג","ק״ג","15","שרי תמר","15","1","יעקב חוגי","694af88a3cc726579c37ab91","15","691491b3398597de1a02c2af","2025-11-12T13:54:59.336000","2026-01-25T14:14:04.286000","69104fba960f8b25c61d5a0c","gilh207@gmail.com","false"
"0","2026-01-14","ירקות ופירות","","694af88a3cc726579c37ab91","0","","ק״ג","13","עגבניית מגי","13","1","יעקב חוגי","694af88a3cc726579c37ab91","13","691491b3398597de1a02c2b0","2025-11-12T13:54:59.336000","2026-01-25T14:43:10.348000","69104fba960f8b25c61d5a0c","gilh207@gmail.com","false"
"0","2026-01-18","תבלינים ורטבים","","694af88a3cc726579c37ab97","0","","ק״ג","27.375","חמאה 200 ג""בלו בנד""קרטון 1/40 יבוא","219","8","י.שבי","694af88a3cc726579c37ab97","27.375","691491b3398597de1a02c2ab","2025-11-12T13:54:59.336000","2026-01-25T14:43:10.348000","69104fba960f8b25c61d5a0c","gilh207@gmail.com","false"
"0","2026-01-25","ירקות ופירות","691366fcbb19887994250dac","694af88a3cc726579c37ab91","0","ק״ג","ק״ג","22.5","זית קלמטה מגולען 10 קג חת""ס פ""ת","225","10","י. שבי שיווק מזון בע״מ","694af88a3cc726579c37ab91","22.5","691491b3398597de1a02c2aa","2025-11-12T13:54:59.336000","2026-01-25T14:40:44.766000","69104fba960f8b25c61d5a0c","gilh207@gmail.com","false"
"0","2026-02-26","בצק ולחם","","694af88a3cc726579c37ab94","0","ק״ג","ק״ג","17.05","לחם כפרי דגנים","10.23","0.6","לחמים רולדין","694af88a3cc726579c37ab94","17.05","691491b3398597de1a02c2a8","2025-11-12T13:54:59.335000","2026-02-26T10:03:53.450000","69104fba960f8b25c61d5a0c","gilh207@gmail.com","false"
"0","2026-01-18","תבלינים ורטבים","691366fcbb19887994250dac","694af88a3cc726579c37ab97","0","ליטר","ליטר","7.333333333333333","שמן קנולה 15 ליטר","110","15","י. שבי שיווק מזון בע״מ","694af88a3cc726579c37ab97","7.333333333333333","691491b3398597de1a02c29f","2025-11-12T13:54:59.335000","2026-01-18T11:05:42.248000","69104fba960f8b25c61d5a0c","gilh207@gmail.com","false"
"0","2026-01-12","בצק ולחם","","694af88a3cc726579c37ab94","0","","ק״ג","17.05","לחם סיצילאני","10.23","0.6","לחמים רולדין","בצק ולחם","17.05","691491b3398597de1a02c2a7","2025-11-12T13:54:59.335000","2026-01-25T14:43:10.348000","69104fba960f8b25c61d5a0c","gilh207@gmail.com","false"
"0","2026-01-25","ירקות ופירות","","694af88a3cc726579c37ab91","0","ק״ג","ק״ג","25.5","בזיליקום מהדרין","25.5","1","עלה עלה","694af88a3cc726579c37ab91","25.5","691491b3398597de1a02c2a4","2025-11-12T13:54:59.335000","2026-01-25T14:37:24.276000","69104fba960f8b25c61d5a0c","gilh207@gmail.com","false"
"0","","","","","0","יחידה","יחידה","0.9","מפית לקשורי 55/55 מכפלת רחבה וחירור","0.9","1","ייצוגית","משקאות","0.9","691491b3398597de1a02c2a3","2025-11-12T13:54:59.335000","2026-01-25T12:19:33.431000","69104fba960f8b25c61d5a0c","gilh207@gmail.com","false"
"0","2026-01-18","ירקות ופירות","","694af88a3cc726579c37ab91","0","","ק״ג","5","אורגנו מהדרין, חבילה","5","1","עלה עלה","694af88a3cc726579c37ab91","5","691491b3398597de1a02c2a5","2025-11-12T13:54:59.335000","2026-01-25T14:43:10.348000","69104fba960f8b25c61d5a0c","gilh207@gmail.com","false"
"0","2026-02-16","תבלינים ורטבים","691366fcbb19887994250dac","694af88a3cc726579c37ab97","0","יחידה","יחידה","51.666666666666664","פולפה עגבניות 4.05 ק""ג מוטי מארז 1/3","155","3","י. שבי שיווק מזון בע״מ","694af88a3cc726579c37ab97","51.666666666666664","691491b3398597de1a02c2a0","2025-11-12T13:54:59.335000","2026-02-16T14:31:31.507000","69104fba960f8b25c61d5a0c","gilh207@gmail.com","false"
"0","2026-01-25","ירקות ופירות","6914a85fef1ba9cf97084972","694af88a3cc726579c37ab91","0","ק״ג","ק״ג","10.7","תפוח אדמה מקולף","10.7","1"," עלה עלה בע״מ","694af88a3cc726579c37ab91","10.7","691491b3398597de1a02c2a6","2025-11-12T13:54:59.335000","2026-01-25T14:13:24.480000","69104fba960f8b25c61d5a0c","gilh207@gmail.com","false"
"5","2026-01-18","ירקות ופירות","","694af88a3cc726579c37ab91","0","","ק״ג","5.2631578947368425","פלפל חריף","5","1","","694af88a3cc726579c37ab91","5.2631578947368425","6910bcd7db96251dfb4791d1","2025-11-09T16:09:59.788000","2026-01-25T14:43:10.348000","69104fba960f8b25c61d5a0c","gilh207@gmail.com","false"